"dataset.id";"dataset.title";"dataset.slug";"dataset.url";"dataset.organization";"dataset.organization_id";"dataset.license";"dataset.private";"id";"url";"title";"description";"filetype";"format";"mime";"filesize";"checksum.type";"checksum.value";"created_at";"modified";"downloads"
"5ed11705afd28672e40fbc2f";"Capacité analytique de tests virologiques dans le cadre de l'épidémie COVID-19";"capacite-analytique-de-tests-virologiques-dans-le-cadre-de-lepidemie-covid-19";"https://www.data.gouv.fr/fr/datasets/capacite-analytique-de-tests-virologiques-dans-le-cadre-de-lepidemie-covid-19/";"Santé publique France";"5e721a395d57f93d0bed451f";"Licence Ouverte / Open Licence";False;"feb70fe7-482e-4429-b5a3-677f70859bbb";"https://static.data.gouv.fr/resources/capacite-analytique-de-tests-virologiques-dans-le-cadre-de-lepidemie-covid-19/20201021-094719/sidep-note-methodo-270820.pdf";"sidep-note-methodo-270820.pdf";"";"file";"pdf";"application/pdf";418200;"sha1";"525806ddf75a26bd9255d306e20ff5fe206212a6";"2020-10-21T09:47:19.897000";"2020-10-21T09:47:23.186000";0
"5ed11705afd28672e40fbc2f";"Capacité analytique de tests virologiques dans le cadre de l'épidémie COVID-19";"capacite-analytique-de-tests-virologiques-dans-le-cadre-de-lepidemie-covid-19";"https://www.data.gouv.fr/fr/datasets/capacite-analytique-de-tests-virologiques-dans-le-cadre-de-lepidemie-covid-19/";"Santé publique France";"5e721a395d57f93d0bed451f";"Licence Ouverte / Open Licence";False;"8737e372-29f8-4d00-a7cc-6e7636d83326";"https://static.data.gouv.fr/resources/capacite-analytique-de-tests-virologiques-dans-le-cadre-de-lepidemie-covid-19/20201021-094711/faq-geodes-sidep-250920.pdf";"faq-geodes-sidep-250920.pdf";"";"file";"pdf";"application/pdf";321851;"sha1";"d87300836b4b88c5a48171625232fcc575c16653";"2020-10-21T09:47:11.515000";"2020-10-21T09:47:14.551000";0
"5ed11705afd28672e40fbc2f";"Capacité analytique de tests virologiques dans le cadre de l'épidémie COVID-19";"capacite-analytique-de-tests-virologiques-dans-le-cadre-de-lepidemie-covid-19";"https://www.data.gouv.fr/fr/datasets/capacite-analytique-de-tests-virologiques-dans-le-cadre-de-lepidemie-covid-19/";"Santé publique France";"5e721a395d57f93d0bed451f";"Licence Ouverte / Open Licence";False;"e7dfed9b-21f3-48ac-b9ff-9ba7866f6ae4";"https://static.data.gouv.fr/resources/capacite-analytique-de-tests-virologiques-dans-le-cadre-de-lepidemie-covid-19/20201105-191516/sp-capa-heb-fra-2020-11-05-19h15.csv";"sp-capa-heb-fra-2020-11-05-19h15.csv";"Capacité analytique par semaine à l'échelle nationale.";"file";"csv";"text/csv";697;"sha1";"667b027dcc5c69d702791b790b2cefff2884833c";"2020-05-29T18:50:21.027000";"2020-11-05T19:15:16.155000";8
"5ed11705afd28672e40fbc2f";"Capacité analytique de tests virologiques dans le cadre de l'épidémie COVID-19";"capacite-analytique-de-tests-virologiques-dans-le-cadre-de-lepidemie-covid-19";"https://www.data.gouv.fr/fr/datasets/capacite-analytique-de-tests-virologiques-dans-le-cadre-de-lepidemie-covid-19/";"Santé publique France";"5e721a395d57f93d0bed451f";"Licence Ouverte / Open Licence";False;"c96f861d-7ec4-4725-859a-b2b62f66c7f8";"https://static.data.gouv.fr/resources/capacite-analytique-de-tests-virologiques-dans-le-cadre-de-lepidemie-covid-19/20201105-191514/sp-capa-heb-dep-2020-11-05-19h15.csv";"sp-capa-heb-dep-2020-11-05-19h15.csv";"Capacité analytique par semaine par département.";"file";"csv";"text/csv";60692;"sha1";"b6dceb29b30d676802d6271f3858f192f0113cf4";"2020-05-29T18:50:20.828000";"2020-11-05T19:15:14.683000";1
"5ed11705afd28672e40fbc2f";"Capacité analytique de tests virologiques dans le cadre de l'épidémie COVID-19";"capacite-analytique-de-tests-virologiques-dans-le-cadre-de-lepidemie-covid-19";"https://www.data.gouv.fr/fr/datasets/capacite-analytique-de-tests-virologiques-dans-le-cadre-de-lepidemie-covid-19/";"Santé publique France";"5e721a395d57f93d0bed451f";"Licence Ouverte / Open Licence";False;"21ff3134-c37c-41ef-bb3d-fbea5f6d4a28";"https://static.data.gouv.fr/resources/capacite-analytique-de-tests-virologiques-dans-le-cadre-de-lepidemie-covid-19/20201105-191512/sp-capa-quot-reg-2020-11-05-19h15.csv";"sp-capa-quot-reg-2020-11-05-19h15.csv";"Capacité analytique par semaine par région.";"file";"csv";"text/csv";94513;"sha1";"81bfb08b5470219dde130bcac39f26678f258fa2";"2020-05-29T18:50:20.725000";"2020-11-05T19:15:12.471000";7
"5ed11705afd28672e40fbc2f";"Capacité analytique de tests virologiques dans le cadre de l'épidémie COVID-19";"capacite-analytique-de-tests-virologiques-dans-le-cadre-de-lepidemie-covid-19";"https://www.data.gouv.fr/fr/datasets/capacite-analytique-de-tests-virologiques-dans-le-cadre-de-lepidemie-covid-19/";"Santé publique France";"5e721a395d57f93d0bed451f";"Licence Ouverte / Open Licence";False;"0c230dc3-2d51-4f17-be97-aa9938564b39";"https://static.data.gouv.fr/resources/capacite-analytique-de-tests-virologiques-dans-le-cadre-de-lepidemie-covid-19/20201105-191504/sp-capa-quot-dep-2020-11-05-19h15.csv";"sp-capa-quot-dep-2020-11-05-19h15.csv";"Capacité analytique par jour par département.";"file";"csv";"text/csv";458863;"sha1";"2bad3860861c70262c030ec7874c929ccddf3497";"2020-05-29T18:50:20.717000";"2020-11-05T19:15:04.755000";12
"5ed11705afd28672e40fbc2f";"Capacité analytique de tests virologiques dans le cadre de l'épidémie COVID-19";"capacite-analytique-de-tests-virologiques-dans-le-cadre-de-lepidemie-covid-19";"https://www.data.gouv.fr/fr/datasets/capacite-analytique-de-tests-virologiques-dans-le-cadre-de-lepidemie-covid-19/";"Santé publique France";"5e721a395d57f93d0bed451f";"Licence Ouverte / Open Licence";False;"44b46964-8583-4f18-b93f-80fefcbf3b74";"https://static.data.gouv.fr/resources/capacite-analytique-de-tests-virologiques-dans-le-cadre-de-lepidemie-covid-19/20201105-191504/sp-capa-quot-fra-2020-11-05-19h15.csv";"sp-capa-quot-fra-2020-11-05-19h15.csv";"Capacité analytique par jour à l'échelle nationale.";"file";"csv";"text/csv";5127;"sha1";"6f054d2d559bd2b33deb9cef0acb2f8521dcad5d";"2020-05-29T18:50:20.582000";"2020-11-05T19:15:04.367000";2
"5ed11705afd28672e40fbc2f";"Capacité analytique de tests virologiques dans le cadre de l'épidémie COVID-19";"capacite-analytique-de-tests-virologiques-dans-le-cadre-de-lepidemie-covid-19";"https://www.data.gouv.fr/fr/datasets/capacite-analytique-de-tests-virologiques-dans-le-cadre-de-lepidemie-covid-19/";"Santé publique France";"5e721a395d57f93d0bed451f";"Licence Ouverte / Open Licence";False;"f02b627a-9f9c-45f9-810d-af49ef98a0b1";"https://static.data.gouv.fr/resources/capacite-analytique-de-tests-virologiques-dans-le-cadre-de-lepidemie-covid-19/20201105-191511/sp-capa-heb-reg-2020-11-05-19h15.csv";"sp-capa-heb-reg-2020-11-05-19h15.csv";"Capacité analytique par semaine par région.";"file";"csv";"text/csv";12521;"sha1";"0b8fc219708126081e5573a35c7847f8a869a796";"2020-05-29T18:50:20.442000";"2020-11-05T19:15:11.559000";1
"5ed11705afd28672e40fbc2f";"Capacité analytique de tests virologiques dans le cadre de l'épidémie COVID-19";"capacite-analytique-de-tests-virologiques-dans-le-cadre-de-lepidemie-covid-19";"https://www.data.gouv.fr/fr/datasets/capacite-analytique-de-tests-virologiques-dans-le-cadre-de-lepidemie-covid-19/";"Santé publique France";"5e721a395d57f93d0bed451f";"Licence Ouverte / Open Licence";False;"185c0513-bda5-4345-991b-f2dcf6ff7291";"https://static.data.gouv.fr/resources/capacite-analytique-de-tests-virologiques-dans-le-cadre-de-lepidemie-covid-19/20200703-191525/sp-capa-quot-2020-07-03-19h15.xlsx";"sp-capa-quot-2020-07-03-19h15.xlsx";"Capacité analytique par jour par département, région et échelle nationale.";"file";"xlsx";"application/vnd.openxmlformats-officedocument.spreadsheetml.sheet";137538;"sha1";"5ec10583425cb3b84333c6c71093d3c38a463432";"2020-05-29T18:45:32.268000";"2020-07-03T19:15:25.543000";0
"5ed11705afd28672e40fbc2f";"Capacité analytique de tests virologiques dans le cadre de l'épidémie COVID-19";"capacite-analytique-de-tests-virologiques-dans-le-cadre-de-lepidemie-covid-19";"https://www.data.gouv.fr/fr/datasets/capacite-analytique-de-tests-virologiques-dans-le-cadre-de-lepidemie-covid-19/";"Santé publique France";"5e721a395d57f93d0bed451f";"Licence Ouverte / Open Licence";False;"f20729ce-932d-4425-bcc6-6abd8b709fc7";"https://static.data.gouv.fr/resources/capacite-analytique-de-tests-virologiques-dans-le-cadre-de-lepidemie-covid-19/20200701-191533/sp-capa-heb-2020-07-01-19h15.xlsx";"sp-capa-heb-2020-07-01-19h15.xlsx";"Capacité analytique par semaine par département, région et échelle nationale.";"file";"xlsx";"application/vnd.openxmlformats-officedocument.spreadsheetml.sheet";24616;"sha1";"7c143f48351198c8540b7fbdc270235bbe4b6a58";"2020-05-29T18:45:28.435000";"2020-07-01T19:15:33.848000";0
"5ed11705afd28672e40fbc2f";"Capacité analytique de tests virologiques dans le cadre de l'épidémie COVID-19";"capacite-analytique-de-tests-virologiques-dans-le-cadre-de-lepidemie-covid-19";"https://www.data.gouv.fr/fr/datasets/capacite-analytique-de-tests-virologiques-dans-le-cadre-de-lepidemie-covid-19/";"Santé publique France";"5e721a395d57f93d0bed451f";"Licence Ouverte / Open Licence";False;"af654762-d852-436a-97ef-89ae403605a7";"https://static.data.gouv.fr/resources/capacite-analytique-de-tests-virologiques-dans-le-cadre-de-lepidemie-covid-19/20201103-191515/sp-couv-quot-dep-2020-11-03-19h15.csv";"sp-couv-quot-dep-2020-11-03-19h15.csv";"";"file";"csv";"text/csv";558862;"sha1";"0ab0f2eb43437a99295ab5e3f7073223fd923d3a";"2020-05-29T19:06:35.507000";"2020-11-03T19:15:15.139000";0
"5ed11705afd28672e40fbc2f";"Capacité analytique de tests virologiques dans le cadre de l'épidémie COVID-19";"capacite-analytique-de-tests-virologiques-dans-le-cadre-de-lepidemie-covid-19";"https://www.data.gouv.fr/fr/datasets/capacite-analytique-de-tests-virologiques-dans-le-cadre-de-lepidemie-covid-19/";"Santé publique France";"5e721a395d57f93d0bed451f";"Licence Ouverte / Open Licence";False;"8dcf981d-ab4c-4edf-be61-f24345ae97c4";"https://static.data.gouv.fr/resources/capacite-analytique-de-tests-virologiques-dans-le-cadre-de-lepidemie-covid-19/20201103-191514/sp-couv-quot-reg-2020-11-03-19h15.csv";"sp-couv-quot-reg-2020-11-03-19h15.csv";"";"file";"csv";"text/csv";115314;"sha1";"d7d5c0628c7f46ab7f94cd1865c34ff7ea09aa90";"2020-05-29T19:06:35.508000";"2020-11-03T19:15:14.691000";0
"5ed11705afd28672e40fbc2f";"Capacité analytique de tests virologiques dans le cadre de l'épidémie COVID-19";"capacite-analytique-de-tests-virologiques-dans-le-cadre-de-lepidemie-covid-19";"https://www.data.gouv.fr/fr/datasets/capacite-analytique-de-tests-virologiques-dans-le-cadre-de-lepidemie-covid-19/";"Santé publique France";"5e721a395d57f93d0bed451f";"Licence Ouverte / Open Licence";False;"3066a40c-36ec-4513-9458-ab5d0f3aea78";"https://static.data.gouv.fr/resources/capacite-analytique-de-tests-virologiques-dans-le-cadre-de-lepidemie-covid-19/20201103-191516/sp-couv-quot-fra-2020-11-03-19h15.csv";"sp-couv-quot-fra-2020-11-03-19h15.csv";"";"file";"csv";"text/csv";7272;"sha1";"12713a7e499c83ac1f6d926887af6e482eb2d8cd";"2020-05-29T19:06:35.590000";"2020-11-03T19:15:16.643000";0
"5ed11705afd28672e40fbc2f";"Capacité analytique de tests virologiques dans le cadre de l'épidémie COVID-19";"capacite-analytique-de-tests-virologiques-dans-le-cadre-de-lepidemie-covid-19";"https://www.data.gouv.fr/fr/datasets/capacite-analytique-de-tests-virologiques-dans-le-cadre-de-lepidemie-covid-19/";"Santé publique France";"5e721a395d57f93d0bed451f";"Licence Ouverte / Open Licence";False;"ab502abd-428d-4d25-8ea0-0ed7be8c2b35";"https://static.data.gouv.fr/resources/capacite-analytique-de-tests-virologiques-dans-le-cadre-de-lepidemie-covid-19/20200703-191521/sp-couv-quot-2020-07-03-19h15.xlsx";"sp-couv-quot-2020-07-03-19h15.xlsx";"";"file";"xlsx";"application/vnd.openxmlformats-officedocument.spreadsheetml.sheet";197016;"sha1";"fdeaa7ebc696a31ba61468440c7d5c033349cb95";"2020-05-29T19:00:26.987000";"2020-07-03T19:15:21.887000";0
"5ed11705afd28672e40fbc2f";"Capacité analytique de tests virologiques dans le cadre de l'épidémie COVID-19";"capacite-analytique-de-tests-virologiques-dans-le-cadre-de-lepidemie-covid-19";"https://www.data.gouv.fr/fr/datasets/capacite-analytique-de-tests-virologiques-dans-le-cadre-de-lepidemie-covid-19/";"Santé publique France";"5e721a395d57f93d0bed451f";"Licence Ouverte / Open Licence";False;"7b20c34b-9123-4c6d-8ded-ee47bfd9e83b";"https://static.data.gouv.fr/resources/capacite-analytique-de-tests-virologiques-dans-le-cadre-de-lepidemie-covid-19/20200529-184107/metadonnees-capacite-analytique.xlsx";"metadonnees-capacite-analytique.xlsx";"Description des métadonnées.";"file";"xlsx";"application/vnd.openxmlformats-officedocument.spreadsheetml.sheet";9074;"sha1";"c713bea0c4840c85b282d72ea313f6771aa5dc37";"2020-05-29T18:41:07.771000";"2020-05-30T22:22:14.553000";1
"5ec29690e2e5bc38ffc5aae7";"Données de certification électronique des décès associés au COVID-19 (CEPIDC)";"donnees-de-certification-electronique-des-deces-associes-au-covid-19-cepidc";"https://www.data.gouv.fr/fr/datasets/donnees-de-certification-electronique-des-deces-associes-au-covid-19-cepidc/";"Santé publique France";"5e721a395d57f93d0bed451f";"Licence Ouverte / Open Licence version 2.0";False;"d0420516-e193-4c57-a68f-5b082345b439";"https://static.data.gouv.fr/resources/donnees-de-certification-electronique-des-deces-associes-au-covid-19-cepidc/20200518-185624/covid-cedc-sex-quot.csv";"covid-cedc-sex-quot.csv";"Nombre cumulé de décès associés au Covid-19 par sexe et par département.";"file";"csv";"text/csv";445302;"sha1";"cf79364cfec3801aaeaff4d260cb840c6743bb78";"2020-05-18T18:56:24.925000";"2020-05-18T18:57:19.098000";182
"5ec29690e2e5bc38ffc5aae7";"Données de certification électronique des décès associés au COVID-19 (CEPIDC)";"donnees-de-certification-electronique-des-deces-associes-au-covid-19-cepidc";"https://www.data.gouv.fr/fr/datasets/donnees-de-certification-electronique-des-deces-associes-au-covid-19-cepidc/";"Santé publique France";"5e721a395d57f93d0bed451f";"Licence Ouverte / Open Licence version 2.0";False;"b09da629-e48a-4baa-8d43-9ae28b3248da";"https://static.data.gouv.fr/resources/donnees-de-certification-electronique-des-deces-associes-au-covid-19-cepidc/20200518-185536/covid-cedc-quot.csv";"covid-cedc-quot.csv";"Nombre cumulé de décès par âge par région.";"file";"csv";"text/csv";324843;"sha1";"66d8217230c3226c7d40395092cb83ef83b8a1df";"2020-05-18T18:55:37.153000";"2020-05-18T19:00:08.509000";82
"5ec29690e2e5bc38ffc5aae7";"Données de certification électronique des décès associés au COVID-19 (CEPIDC)";"donnees-de-certification-electronique-des-deces-associes-au-covid-19-cepidc";"https://www.data.gouv.fr/fr/datasets/donnees-de-certification-electronique-des-deces-associes-au-covid-19-cepidc/";"Santé publique France";"5e721a395d57f93d0bed451f";"Licence Ouverte / Open Licence version 2.0";False;"f0cf797f-5506-4ef0-b1f8-7979c2b7efc0";"https://static.data.gouv.fr/resources/donnees-de-certification-electronique-des-deces-associes-au-covid-19-cepidc/20200518-184950/covid-cedc-certif.csv";"covid-cedc-certif.csv";"Nombre cumulé d’établissements ou médecins non affiliés ayant certifié au moins 1 décès associé au Covid-19 par région.";"file";"csv";"text/csv";131170;"sha1";"0d0898ef0d0191ed0053f12cbc11532f630e440a";"2020-05-18T18:49:50.938000";"2020-05-18T19:01:38.482000";1
"5ec29690e2e5bc38ffc5aae7";"Données de certification électronique des décès associés au COVID-19 (CEPIDC)";"donnees-de-certification-electronique-des-deces-associes-au-covid-19-cepidc";"https://www.data.gouv.fr/fr/datasets/donnees-de-certification-electronique-des-deces-associes-au-covid-19-cepidc/";"Santé publique France";"5e721a395d57f93d0bed451f";"Licence Ouverte / Open Licence version 2.0";False;"2acb510e-1619-4d5e-8e33-6abd5b4be455";"https://static.data.gouv.fr/resources/donnees-de-certification-electronique-des-deces-associes-au-covid-19-cepidc/20200518-161007/metadata-classe-d-age.csv";"metadata-classe-d-age.csv";"Description des classes d'âge. ";"file";"csv";"text/csv";182;"sha1";"4d9ee6ea26c2dc24c6a0e7cefeab2b3e5cd1cfd3";"2020-05-18T16:10:07.188000";"2020-05-18T16:10:26.652000";10
"5ec29690e2e5bc38ffc5aae7";"Données de certification électronique des décès associés au COVID-19 (CEPIDC)";"donnees-de-certification-electronique-des-deces-associes-au-covid-19-cepidc";"https://www.data.gouv.fr/fr/datasets/donnees-de-certification-electronique-des-deces-associes-au-covid-19-cepidc/";"Santé publique France";"5e721a395d57f93d0bed451f";"Licence Ouverte / Open Licence version 2.0";False;"786531ae-2359-4f2c-8fcf-85a0edb086bd";"https://static.data.gouv.fr/resources/donnees-de-certification-electronique-des-deces-associes-au-covid-19-cepidc/20200518-160942/metadata-cepidc.csv";"metadata-cepidc.csv";"Description des métadonnées. ";"file";"csv";"text/csv";520;"sha1";"8d0332f2e30c8589d54d9b654280f2920aa2d739";"2020-05-18T16:09:42.394000";"2020-05-18T16:10:01.373000";0
"5e7e104ace2080d9162b61d8";"Données hospitalières relatives à l'épidémie de COVID-19";"donnees-hospitalieres-relatives-a-lepidemie-de-covid-19";"https://www.data.gouv.fr/fr/datasets/donnees-hospitalieres-relatives-a-lepidemie-de-covid-19/";"Santé publique France";"5e721a395d57f93d0bed451f";"Licence Ouverte / Open Licence version 2.0";False;"63352e38-d353-4b54-bfd1-f1b3ee1cabd7";"https://static.data.gouv.fr/resources/donnees-hospitalieres-relatives-a-lepidemie-de-covid-19/20201105-190150/donnees-hospitalieres-covid19-2020-11-05-19h00.csv";"donnees-hospitalieres-covid19-2020-11-05-19h00.csv";"";"file";"csv";"text/csv";2284163;"sha1";"ace8215f9be97d93129577194ec7964e2104fe16";"2020-03-27T15:43:24.230000";"2020-11-05T19:01:51.021000";28054
"5e7e104ace2080d9162b61d8";"Données hospitalières relatives à l'épidémie de COVID-19";"donnees-hospitalieres-relatives-a-lepidemie-de-covid-19";"https://www.data.gouv.fr/fr/datasets/donnees-hospitalieres-relatives-a-lepidemie-de-covid-19/";"Santé publique France";"5e721a395d57f93d0bed451f";"Licence Ouverte / Open Licence version 2.0";False;"6fadff46-9efd-4c53-942a-54aca783c30c";"https://static.data.gouv.fr/resources/donnees-hospitalieres-relatives-a-lepidemie-de-covid-19/20201105-190152/donnees-hospitalieres-nouveaux-covid19-2020-11-05-19h00.csv";"donnees-hospitalieres-nouveaux-covid19-2020-11-05-19h00.csv";"";"file";"csv";"text/csv";549854;"sha1";"f2592f9f15ae11bb09b379fea436358f6dc1fc6f";"2020-04-07T22:32:02.138000";"2020-11-05T19:01:53.021000";26618
"5e7e104ace2080d9162b61d8";"Données hospitalières relatives à l'épidémie de COVID-19";"donnees-hospitalieres-relatives-a-lepidemie-de-covid-19";"https://www.data.gouv.fr/fr/datasets/donnees-hospitalieres-relatives-a-lepidemie-de-covid-19/";"Santé publique France";"5e721a395d57f93d0bed451f";"Licence Ouverte / Open Licence version 2.0";False;"08c18e08-6780-452d-9b8c-ae244ad529b3";"https://static.data.gouv.fr/resources/donnees-hospitalieres-relatives-a-lepidemie-de-covid-19/20201105-190152/donnees-hospitalieres-classe-age-covid19-2020-11-05-19h00.csv";"donnees-hospitalieres-classe-age-covid19-2020-11-05-19h00.csv";"";"file";"csv";"text/csv";1510412;"sha1";"b36077edcc10734988432310f1a718a3d6ad94e8";"2020-04-08T17:10:58.309000";"2020-11-05T19:01:52.425000";11840
"5e7e104ace2080d9162b61d8";"Données hospitalières relatives à l'épidémie de COVID-19";"donnees-hospitalieres-relatives-a-lepidemie-de-covid-19";"https://www.data.gouv.fr/fr/datasets/donnees-hospitalieres-relatives-a-lepidemie-de-covid-19/";"Santé publique France";"5e721a395d57f93d0bed451f";"Licence Ouverte / Open Licence version 2.0";False;"41b9bd2a-b5b6-4271-8878-e45a8902ef00";"https://static.data.gouv.fr/resources/donnees-hospitalieres-relatives-a-lepidemie-de-covid-19/20201105-190151/donnees-hospitalieres-etablissements-covid19-2020-11-05-19h00.csv";"donnees-hospitalieres-etablissements-covid19-2020-11-05-19h00.csv";"";"file";"csv";"text/csv";490282;"sha1";"81831061c6fb5debdfb3a0b353b576db5be2237b";"2020-03-27T15:43:24.329000";"2020-11-05T19:01:51.813000";7166
"5e7e104ace2080d9162b61d8";"Données hospitalières relatives à l'épidémie de COVID-19";"donnees-hospitalieres-relatives-a-lepidemie-de-covid-19";"https://www.data.gouv.fr/fr/datasets/donnees-hospitalieres-relatives-a-lepidemie-de-covid-19/";"Santé publique France";"5e721a395d57f93d0bed451f";"Licence Ouverte / Open Licence version 2.0";False;"3f0f1885-25f4-4102-bbab-edec5a58e34a";"https://static.data.gouv.fr/resources/donnees-hospitalieres-relatives-a-lepidemie-de-covid-19/20200327-154414/metadonnees-donnees-hospitalieres-covid19.csv";"metadonnees-donnees-hospitalieres-covid19.csv";"";"file";"csv";"text/csv";649;"sha1";"7560d00132aeefe87f21da9c00c5386db802d798";"2020-03-27T15:44:14.242000";"2020-03-27T15:44:28.796000";4431
"5e7e104ace2080d9162b61d8";"Données hospitalières relatives à l'épidémie de COVID-19";"donnees-hospitalieres-relatives-a-lepidemie-de-covid-19";"https://www.data.gouv.fr/fr/datasets/donnees-hospitalieres-relatives-a-lepidemie-de-covid-19/";"Santé publique France";"5e721a395d57f93d0bed451f";"Licence Ouverte / Open Licence version 2.0";False;"4900f53f-750d-4c5a-9df7-2d4ceb018acf";"https://static.data.gouv.fr/resources/donnees-hospitalieres-relatives-a-lepidemie-de-covid-19/20200407-223014/metadonnees-hospit-incid.csv";"metadonnees-donnees-hospitalieres-covid19-nouveaux.csv";"";"file";"csv";"text/csv";653;"sha1";"39939611809f7717a87b1b88ad13c1aa0eb3a44e";"2020-04-07T22:30:14.828000";"2020-04-08T17:44:10.666000";1801
"5e7e104ace2080d9162b61d8";"Données hospitalières relatives à l'épidémie de COVID-19";"donnees-hospitalieres-relatives-a-lepidemie-de-covid-19";"https://www.data.gouv.fr/fr/datasets/donnees-hospitalieres-relatives-a-lepidemie-de-covid-19/";"Santé publique France";"5e721a395d57f93d0bed451f";"Licence Ouverte / Open Licence version 2.0";False;"929dff1b-b07c-4637-9690-fb7219ad3eb8";"https://static.data.gouv.fr/resources/donnees-hospitalieres-relatives-a-lepidemie-de-covid-19/20200408-181901/metadonnees-donnees-hospitalieres-covid19-classes-age.csv";"metadonnees-donnees-hospitalieres-covid19-classes-age.csv";"";"file";"csv";"text/csv";944;"sha1";"a97fb37a5447115b74123b997aa2e7ebd6b2af38";"2020-04-08T18:19:01.934000";"2020-04-08T18:19:09.680000";1795
"5e7e104ace2080d9162b61d8";"Données hospitalières relatives à l'épidémie de COVID-19";"donnees-hospitalieres-relatives-a-lepidemie-de-covid-19";"https://www.data.gouv.fr/fr/datasets/donnees-hospitalieres-relatives-a-lepidemie-de-covid-19/";"Santé publique France";"5e721a395d57f93d0bed451f";"Licence Ouverte / Open Licence version 2.0";False;"415c852b-7898-40f8-8f71-b9171faf4516";"https://static.data.gouv.fr/resources/donnees-hospitalieres-relatives-a-lepidemie-de-covid-19/20200327-154414/metadonnees-services-hospitaliers-covid19.csv";"metadonnees-services-hospitaliers-covid19.csv";"";"file";"csv";"text/csv";327;"sha1";"48bbc9297e5c17bc62d16e92fa1d359c53825bc1";"2020-03-27T15:44:14.232000";"2020-03-27T15:44:36.435000";1583
"5e7e104ace2080d9162b61d8";"Données hospitalières relatives à l'épidémie de COVID-19";"donnees-hospitalieres-relatives-a-lepidemie-de-covid-19";"https://www.data.gouv.fr/fr/datasets/donnees-hospitalieres-relatives-a-lepidemie-de-covid-19/";"Santé publique France";"5e721a395d57f93d0bed451f";"Licence Ouverte / Open Licence version 2.0";False;"9f94a259-2a8a-441d-bd0b-d6b45697d477";"https://static.data.gouv.fr/resources/donnees-hospitalieres-relatives-a-lepidemie-de-covid-19/20200331-160422/metadonnees-sexe.csv";"metadonnees-sexe.csv";"";"file";"csv";"text/csv";422;"sha1";"a8ce869dd07b486f3e40cff6b59d68365180871f";"2020-03-31T16:04:22.961000";"2020-03-31T16:04:34.712000";2089
"5e7de8cf4663c08d4f74ba01";"Données relatives aux tests de dépistage de COVID-19 réalisés en laboratoire de ville";"donnees-relatives-aux-tests-de-depistage-de-covid-19-realises-en-laboratoire-de-ville";"https://www.data.gouv.fr/fr/datasets/donnees-relatives-aux-tests-de-depistage-de-covid-19-realises-en-laboratoire-de-ville/";"Santé publique France";"5e721a395d57f93d0bed451f";"Licence Ouverte / Open Licence version 2.0";False;"b4ea7b4b-b7d1-4885-a099-71852291ff20";"https://static.data.gouv.fr/resources/donnees-relatives-aux-tests-de-depistage-de-covid-19-realises-en-laboratoire-de-ville/20200529-190031/donnees-tests-covid19-labo-quotidien-2020-05-29-19h00.csv";"donnees-tests-covid19-labo-quotidien-2020-05-29-19h00.csv";"";"file";"csv";"text/csv";1361395;"sha1";"0b4d60d22c9e06af9e86c909a39822efba095625";"2020-03-27T12:54:18.460000";"2020-05-29T19:00:31.310000";7341
"5e7de8cf4663c08d4f74ba01";"Données relatives aux tests de dépistage de COVID-19 réalisés en laboratoire de ville";"donnees-relatives-aux-tests-de-depistage-de-covid-19-realises-en-laboratoire-de-ville";"https://www.data.gouv.fr/fr/datasets/donnees-relatives-aux-tests-de-depistage-de-covid-19-realises-en-laboratoire-de-ville/";"Santé publique France";"5e721a395d57f93d0bed451f";"Licence Ouverte / Open Licence version 2.0";False;"72050bc8-9959-4bb1-88a0-684ff8db5fb5";"https://static.data.gouv.fr/resources/donnees-relatives-aux-tests-de-depistage-de-covid-19-realises-en-laboratoire-de-ville/20200527-190022/donnees-tests-covid19-labo-hebdomadaire-2020-05-27-19h00.csv";"donnees-tests-covid19-labo-hebdomadaire-2020-05-27-19h00.csv";"";"file";"csv";"text/csv";190801;"sha1";"e78338f1acdbf576b9d646968145780cf5020622";"2020-04-03T17:22:25.323000";"2020-05-27T19:00:22.228000";1533
"5e7de8cf4663c08d4f74ba01";"Données relatives aux tests de dépistage de COVID-19 réalisés en laboratoire de ville";"donnees-relatives-aux-tests-de-depistage-de-covid-19-realises-en-laboratoire-de-ville";"https://www.data.gouv.fr/fr/datasets/donnees-relatives-aux-tests-de-depistage-de-covid-19-realises-en-laboratoire-de-ville/";"Santé publique France";"5e721a395d57f93d0bed451f";"Licence Ouverte / Open Licence version 2.0";False;"971c5cbd-cd80-4492-b2b3-c3deff8c1f5e";"https://static.data.gouv.fr/resources/donnees-relatives-aux-tests-de-depistage-du-covid-19/20200403-180019/metadonnees-tests-depistage-covid19.csv";"metadonnees-tests-depistage-covid19.csv";"";"file";"csv";"text/csv";1065;"sha1";"2bfc10720b3364868df210389de0122de5907e7e";"2020-04-03T18:00:19.595000";"2020-04-03T18:00:35.136000";716
"5e7de8cf4663c08d4f74ba01";"Données relatives aux tests de dépistage de COVID-19 réalisés en laboratoire de ville";"donnees-relatives-aux-tests-de-depistage-de-covid-19-realises-en-laboratoire-de-ville";"https://www.data.gouv.fr/fr/datasets/donnees-relatives-aux-tests-de-depistage-de-covid-19-realises-en-laboratoire-de-ville/";"Santé publique France";"5e721a395d57f93d0bed451f";"Licence Ouverte / Open Licence version 2.0";False;"db378f2a-83a1-40fd-a16c-06c4c8c3535d";"https://static.data.gouv.fr/resources/donnees-relatives-aux-tests-de-depistage-du-covid-19/20200403-180049/code-tranches-dage.csv";"code-tranches-dage.csv";"";"file";"csv";"text/csv";110;"sha1";"06b8b6bd3c95ebc1a283bff184ab7c60b10e6ad7";"2020-04-03T18:00:49.433000";"2020-04-03T18:00:59.391000";191
"5ec29500b15b283d178d21a4";"Données d’enquête relatives à l’évolution des comportements et de la santé mentale pendant l’épidémie de COVID-19 (COVIPREV)";"donnees-denquete-relatives-a-levolution-des-comportements-et-de-la-sante-mentale-pendant-lepidemie-de-covid-19-coviprev";"https://www.data.gouv.fr/fr/datasets/donnees-denquete-relatives-a-levolution-des-comportements-et-de-la-sante-mentale-pendant-lepidemie-de-covid-19-coviprev/";"Santé publique France";"5e721a395d57f93d0bed451f";"Licence Ouverte / Open Licence version 2.0";False;"94525672-4ec3-4699-a56b-607dfabb1b3c";"https://static.data.gouv.fr/resources/donnees-denquete-relatives-a-levolution-des-comportements-et-de-la-sante-mentale-pendant-lepidemie-de-covid-19-coviprev/20200730-151918/coviprev-complet.xlsx";"coviprev-complet.xlsx";"Fichier complet avec plusieurs feuilles au format xlxs. ";"file";"xlsx";"application/vnd.openxmlformats-officedocument.spreadsheetml.sheet";95868;"sha1";"e88e776ed3916cef4cbf2cfc9ac9812808c0f148";"2020-06-25T13:07:56.501000";"2020-07-30T15:19:31.964000";33
"5ec29500b15b283d178d21a4";"Données d’enquête relatives à l’évolution des comportements et de la santé mentale pendant l’épidémie de COVID-19 (COVIPREV)";"donnees-denquete-relatives-a-levolution-des-comportements-et-de-la-sante-mentale-pendant-lepidemie-de-covid-19-coviprev";"https://www.data.gouv.fr/fr/datasets/donnees-denquete-relatives-a-levolution-des-comportements-et-de-la-sante-mentale-pendant-lepidemie-de-covid-19-coviprev/";"Santé publique France";"5e721a395d57f93d0bed451f";"Licence Ouverte / Open Licence version 2.0";False;"5fee469e-eed7-4858-b9d5-9d6fda6dd9b2";"https://static.data.gouv.fr/resources/donnees-denquete-relatives-a-levolution-des-comportements-et-de-la-sante-mentale-pendant-lepidemie-de-covid-19-coviprev/20200730-151956/coviprev-sexe.csv";"coviprev-sexe.csv";"Données par sexe.";"file";"csv";"text/csv";4046;"sha1";"ef654909d06d927be4dd4738ebbe0aca53f2070b";"2020-06-25T13:07:19.284000";"2020-07-30T15:20:00.025000";5
"5ec29500b15b283d178d21a4";"Données d’enquête relatives à l’évolution des comportements et de la santé mentale pendant l’épidémie de COVID-19 (COVIPREV)";"donnees-denquete-relatives-a-levolution-des-comportements-et-de-la-sante-mentale-pendant-lepidemie-de-covid-19-coviprev";"https://www.data.gouv.fr/fr/datasets/donnees-denquete-relatives-a-levolution-des-comportements-et-de-la-sante-mentale-pendant-lepidemie-de-covid-19-coviprev/";"Santé publique France";"5e721a395d57f93d0bed451f";"Licence Ouverte / Open Licence version 2.0";False;"425c285e-532e-46a5-bcaa-9ba6d191d8be";"https://static.data.gouv.fr/resources/donnees-denquete-relatives-a-levolution-des-comportements-et-de-la-sante-mentale-pendant-lepidemie-de-covid-19-coviprev/20200730-152016/coviprev-region.csv";"coviprev-region.csv";"Données par région.";"file";"csv";"text/csv";21752;"sha1";"604f978819e8b13c8ed74423da9eaf7499e03529";"2020-06-25T13:07:19.009000";"2020-07-30T15:20:18.252000";0
"5ec29500b15b283d178d21a4";"Données d’enquête relatives à l’évolution des comportements et de la santé mentale pendant l’épidémie de COVID-19 (COVIPREV)";"donnees-denquete-relatives-a-levolution-des-comportements-et-de-la-sante-mentale-pendant-lepidemie-de-covid-19-coviprev";"https://www.data.gouv.fr/fr/datasets/donnees-denquete-relatives-a-levolution-des-comportements-et-de-la-sante-mentale-pendant-lepidemie-de-covid-19-coviprev/";"Santé publique France";"5e721a395d57f93d0bed451f";"Licence Ouverte / Open Licence version 2.0";False;"1dd00dec-46e4-470c-aeaa-88370b4507f5";"https://static.data.gouv.fr/resources/donnees-denquete-relatives-a-levolution-des-comportements-et-de-la-sante-mentale-pendant-lepidemie-de-covid-19-coviprev/20200730-152033/coviprev-france.csv";"coviprev-france.csv";"Données à l'échelle nationale.";"file";"csv";"text/csv";2102;"sha1";"9d80538c736d95edc555febddba10b7035229d2c";"2020-06-25T13:07:18.978000";"2020-07-30T15:20:36.803000";6
"5ec29500b15b283d178d21a4";"Données d’enquête relatives à l’évolution des comportements et de la santé mentale pendant l’épidémie de COVID-19 (COVIPREV)";"donnees-denquete-relatives-a-levolution-des-comportements-et-de-la-sante-mentale-pendant-lepidemie-de-covid-19-coviprev";"https://www.data.gouv.fr/fr/datasets/donnees-denquete-relatives-a-levolution-des-comportements-et-de-la-sante-mentale-pendant-lepidemie-de-covid-19-coviprev/";"Santé publique France";"5e721a395d57f93d0bed451f";"Licence Ouverte / Open Licence version 2.0";False;"678d77fc-ebc0-4b03-8c24-c9c552f8a4a9";"https://static.data.gouv.fr/resources/donnees-denquete-relatives-a-levolution-des-comportements-et-de-la-sante-mentale-pendant-lepidemie-de-covid-19-coviprev/20200730-152049/coviprev-age.csv";"coviprev-age.csv";"Données par âge.";"file";"csv";"text/csv";9804;"sha1";"fc423d849de93ac9286896e819ab379d6644b889";"2020-06-25T13:07:18.975000";"2020-07-30T15:20:52.258000";2
"5ec29500b15b283d178d21a4";"Données d’enquête relatives à l’évolution des comportements et de la santé mentale pendant l’épidémie de COVID-19 (COVIPREV)";"donnees-denquete-relatives-a-levolution-des-comportements-et-de-la-sante-mentale-pendant-lepidemie-de-covid-19-coviprev";"https://www.data.gouv.fr/fr/datasets/donnees-denquete-relatives-a-levolution-des-comportements-et-de-la-sante-mentale-pendant-lepidemie-de-covid-19-coviprev/";"Santé publique France";"5e721a395d57f93d0bed451f";"Licence Ouverte / Open Licence version 2.0";False;"226c2104-61cb-4bfb-8a38-a56d5386377e";"https://static.data.gouv.fr/resources/donnees-denquete-relatives-a-levolution-des-comportements-et-de-la-sante-mentale-pendant-lepidemie-de-covid-19-coviprev/20200625-125516/metadata-coviprev.csv";"metadata-coviprev.csv";"Description des métadonnées.";"file";"csv";"text/csv";6559;"sha1";"cd47d1e3d753d8822be495b2665d47f27a37f9ed";"2020-06-25T12:55:16.398000";"2020-06-25T12:55:57.389000";3
"5ec29500b15b283d178d21a4";"Données d’enquête relatives à l’évolution des comportements et de la santé mentale pendant l’épidémie de COVID-19 (COVIPREV)";"donnees-denquete-relatives-a-levolution-des-comportements-et-de-la-sante-mentale-pendant-lepidemie-de-covid-19-coviprev";"https://www.data.gouv.fr/fr/datasets/donnees-denquete-relatives-a-levolution-des-comportements-et-de-la-sante-mentale-pendant-lepidemie-de-covid-19-coviprev/";"Santé publique France";"5e721a395d57f93d0bed451f";"Licence Ouverte / Open Licence version 2.0";False;"0f5643d8-026d-4532-83c6-96e68d429f56";"https://static.data.gouv.fr/resources/donnees-denquete-relatives-a-levolution-des-comportements-et-de-la-sante-mentale-pendant-lepidemie-de-covid-19-coviprev/20200625-125516/metadata-coviprev-libelle-region.csv";"metadata-coviprev-libelle-region.csv";"Libellé des régions.";"file";"csv";"text/csv";346;"sha1";"3f77de7b3a9bce951bff6086d539d9dde2b83388";"2020-06-25T12:55:16.390000";"2020-06-25T12:55:47.904000";1
"5f8fe1290de5138270132602";"Données de laboratoires infra-départementales durant l'épidémie COVID-19";"donnees-de-laboratoires-infra-departementales-durant-lepidemie-covid-19";"https://www.data.gouv.fr/fr/datasets/donnees-de-laboratoires-infra-departementales-durant-lepidemie-covid-19/";"Santé publique France";"5e721a395d57f93d0bed451f";"Licence Ouverte / Open Licence version 2.0";False;"2c81a702-9b09-42bd-9a96-5c98e38f90e0";"https://static.data.gouv.fr/resources/donnees-de-laboratoires-infra-departementales-durant-lepidemie-covid-19/20201105-192123/sg-iris-opendata-2020-11-05-19h20.csv";"sg-iris-opendata-2020-11-05-19h20.csv";"";"file";"csv";"text/csv";139113224;"sha1";"187b1927b5e2ff48025c96c068b6506d8fbeb4cf";"2020-11-05T19:21:29.499000";"2020-11-05T19:21:29.778000";0
"5f8fe1290de5138270132602";"Données de laboratoires infra-départementales durant l'épidémie COVID-19";"donnees-de-laboratoires-infra-departementales-durant-lepidemie-covid-19";"https://www.data.gouv.fr/fr/datasets/donnees-de-laboratoires-infra-departementales-durant-lepidemie-covid-19/";"Santé publique France";"5e721a395d57f93d0bed451f";"Licence Ouverte / Open Licence version 2.0";False;"635ddd4b-584b-4b11-9a36-1c89c55c67ae";"https://static.data.gouv.fr/resources/donnees-de-laboratoires-infra-departementales-durant-lepidemie-covid-19/20201105-192038/sg-epci-opendata-2020-11-05-19h20.csv";"sg-epci-opendata-2020-11-05-19h20.csv";"";"file";"csv";"text/csv";3652357;"sha1";"6869b76112668110e709d1bb57fc52729c254ab6";"2020-11-05T19:20:38.590000";"2020-11-05T19:20:38.796000";0
"5f8fe1290de5138270132602";"Données de laboratoires infra-départementales durant l'épidémie COVID-19";"donnees-de-laboratoires-infra-departementales-durant-lepidemie-covid-19";"https://www.data.gouv.fr/fr/datasets/donnees-de-laboratoires-infra-departementales-durant-lepidemie-covid-19/";"Santé publique France";"5e721a395d57f93d0bed451f";"Licence Ouverte / Open Licence version 2.0";False;"c29cc86d-f81b-4c9b-a25e-ba908fbc8f1d";"https://static.data.gouv.fr/resources/donnees-de-laboratoires-infra-departementales-durant-lepidemie-covid-19/20201105-192030/sg-com-opendata-2020-11-05-19h20.csv";"sg-com-opendata-2020-11-05-19h20.csv";"";"file";"csv";"text/csv";91729965;"sha1";"0601f116d498fb3084e87d2c2b5f08bd044ccfa1";"2020-11-05T19:20:35.178000";"2020-11-05T19:20:35.438000";0
"5f8fe1290de5138270132602";"Données de laboratoires infra-départementales durant l'épidémie COVID-19";"donnees-de-laboratoires-infra-departementales-durant-lepidemie-covid-19";"https://www.data.gouv.fr/fr/datasets/donnees-de-laboratoires-infra-departementales-durant-lepidemie-covid-19/";"Santé publique France";"5e721a395d57f93d0bed451f";"Licence Ouverte / Open Licence version 2.0";False;"866353fa-3184-4077-9561-07159c7c3177";"https://static.data.gouv.fr/resources/donnees-de-laboratoires-infra-departementales-durant-lepidemie-covid-19/20201104-192120/sg-iris-opendata-2020-11-04-19h20.csv";"sg-iris-opendata-2020-11-04-19h20.csv";"";"file";"csv";"text/csv";138831888;"sha1";"9a33f437151bb494c7cc350581435fdffc4a3a97";"2020-11-04T19:21:27.759000";"2020-11-04T19:21:27.922000";0
"5f8fe1290de5138270132602";"Données de laboratoires infra-départementales durant l'épidémie COVID-19";"donnees-de-laboratoires-infra-departementales-durant-lepidemie-covid-19";"https://www.data.gouv.fr/fr/datasets/donnees-de-laboratoires-infra-departementales-durant-lepidemie-covid-19/";"Santé publique France";"5e721a395d57f93d0bed451f";"Licence Ouverte / Open Licence version 2.0";False;"a8df2d20-ff98-47fb-9d68-e7ab4ee30a7c";"https://static.data.gouv.fr/resources/donnees-de-laboratoires-infra-departementales-durant-lepidemie-covid-19/20201104-192036/sg-epci-opendata-2020-11-04-19h20.csv";"sg-epci-opendata-2020-11-04-19h20.csv";"";"file";"csv";"text/csv";3645417;"sha1";"9ea7c10b08a7f16ed20473150e724185688fa987";"2020-11-04T19:20:37.248000";"2020-11-04T19:20:37.544000";0
"5f8fe1290de5138270132602";"Données de laboratoires infra-départementales durant l'épidémie COVID-19";"donnees-de-laboratoires-infra-departementales-durant-lepidemie-covid-19";"https://www.data.gouv.fr/fr/datasets/donnees-de-laboratoires-infra-departementales-durant-lepidemie-covid-19/";"Santé publique France";"5e721a395d57f93d0bed451f";"Licence Ouverte / Open Licence version 2.0";False;"782e6b72-398a-443e-b1b6-3597ce4f210f";"https://static.data.gouv.fr/resources/donnees-de-laboratoires-infra-departementales-durant-lepidemie-covid-19/20201104-192029/sg-com-opendata-2020-11-04-19h20.csv";"sg-com-opendata-2020-11-04-19h20.csv";"";"file";"csv";"text/csv";91521843;"sha1";"5598bad6a1433e15711a844032950bb0044b16da";"2020-11-04T19:20:34.205000";"2020-11-04T19:20:34.419000";0
"5f8fe1290de5138270132602";"Données de laboratoires infra-départementales durant l'épidémie COVID-19";"donnees-de-laboratoires-infra-departementales-durant-lepidemie-covid-19";"https://www.data.gouv.fr/fr/datasets/donnees-de-laboratoires-infra-departementales-durant-lepidemie-covid-19/";"Santé publique France";"5e721a395d57f93d0bed451f";"Licence Ouverte / Open Licence version 2.0";False;"45cded41-d8f5-4e60-ad05-3855e2af6af2";"https://static.data.gouv.fr/resources/donnees-de-laboratoires-infra-departementales-durant-lepidemie-covid-19/20201103-192123/sg-iris-opendata-2020-11-03-19h20.csv";"sg-iris-opendata-2020-11-03-19h20.csv";"";"file";"csv";"text/csv";138536602;"sha1";"4696d831790cb1b27e0a2dbbb37d3072ce3a5b21";"2020-11-03T19:21:30.400000";"2020-11-03T19:21:30.730000";0
"5f8fe1290de5138270132602";"Données de laboratoires infra-départementales durant l'épidémie COVID-19";"donnees-de-laboratoires-infra-departementales-durant-lepidemie-covid-19";"https://www.data.gouv.fr/fr/datasets/donnees-de-laboratoires-infra-departementales-durant-lepidemie-covid-19/";"Santé publique France";"5e721a395d57f93d0bed451f";"Licence Ouverte / Open Licence version 2.0";False;"225cf510-0d34-4471-88ef-84b541ea1aaa";"https://static.data.gouv.fr/resources/donnees-de-laboratoires-infra-departementales-durant-lepidemie-covid-19/20201103-192037/sg-epci-opendata-2020-11-03-19h20.csv";"sg-epci-opendata-2020-11-03-19h20.csv";"";"file";"csv";"text/csv";3638090;"sha1";"36aa6f65e099e5b7aba354b4cb0c2e07a8a262bb";"2020-11-03T19:20:38.246000";"2020-11-03T19:20:38.444000";1
"5f8fe1290de5138270132602";"Données de laboratoires infra-départementales durant l'épidémie COVID-19";"donnees-de-laboratoires-infra-departementales-durant-lepidemie-covid-19";"https://www.data.gouv.fr/fr/datasets/donnees-de-laboratoires-infra-departementales-durant-lepidemie-covid-19/";"Santé publique France";"5e721a395d57f93d0bed451f";"Licence Ouverte / Open Licence version 2.0";False;"cd8c5c88-c5fd-4338-adfb-4490e19e15f9";"https://static.data.gouv.fr/resources/donnees-de-laboratoires-infra-departementales-durant-lepidemie-covid-19/20201103-192030/sg-com-opendata-2020-11-03-19h20.csv";"sg-com-opendata-2020-11-03-19h20.csv";"";"file";"csv";"text/csv";91301870;"sha1";"94e2359a1aa02b4e5fca7b50670777ccb2bbeb45";"2020-11-03T19:20:35.096000";"2020-11-03T19:20:35.269000";0
"5f8fe1290de5138270132602";"Données de laboratoires infra-départementales durant l'épidémie COVID-19";"donnees-de-laboratoires-infra-departementales-durant-lepidemie-covid-19";"https://www.data.gouv.fr/fr/datasets/donnees-de-laboratoires-infra-departementales-durant-lepidemie-covid-19/";"Santé publique France";"5e721a395d57f93d0bed451f";"Licence Ouverte / Open Licence version 2.0";False;"6bf7baee-7db0-4c8b-974f-fde9e2602fae";"https://static.data.gouv.fr/resources/donnees-de-laboratoires-infra-departementales-durant-lepidemie-covid-19/20201102-192125/sg-iris-opendata-2020-11-02-19h20.csv";"sg-iris-opendata-2020-11-02-19h20.csv";"";"file";"csv";"text/csv";138220042;"sha1";"233a86e9864128614f6364e46014c41369a85528";"2020-11-02T19:21:31.421000";"2020-11-02T19:21:31.665000";0
"5f8fe1290de5138270132602";"Données de laboratoires infra-départementales durant l'épidémie COVID-19";"donnees-de-laboratoires-infra-departementales-durant-lepidemie-covid-19";"https://www.data.gouv.fr/fr/datasets/donnees-de-laboratoires-infra-departementales-durant-lepidemie-covid-19/";"Santé publique France";"5e721a395d57f93d0bed451f";"Licence Ouverte / Open Licence version 2.0";False;"4b4e3f10-6bfc-4101-bccb-4b9234bf080d";"https://static.data.gouv.fr/resources/donnees-de-laboratoires-infra-departementales-durant-lepidemie-covid-19/20201102-192039/sg-epci-opendata-2020-11-02-19h20.csv";"sg-epci-opendata-2020-11-02-19h20.csv";"";"file";"csv";"text/csv";3630493;"sha1";"f3452b15d95802673fc4a17320144ad652e2a9fb";"2020-11-02T19:20:39.575000";"2020-11-02T19:20:39.788000";0
"5f8fe1290de5138270132602";"Données de laboratoires infra-départementales durant l'épidémie COVID-19";"donnees-de-laboratoires-infra-departementales-durant-lepidemie-covid-19";"https://www.data.gouv.fr/fr/datasets/donnees-de-laboratoires-infra-departementales-durant-lepidemie-covid-19/";"Santé publique France";"5e721a395d57f93d0bed451f";"Licence Ouverte / Open Licence version 2.0";False;"28be64a1-8fe4-403f-a75a-d8ee7359e706";"https://static.data.gouv.fr/resources/donnees-de-laboratoires-infra-departementales-durant-lepidemie-covid-19/20201102-192031/sg-com-opendata-2020-11-02-19h20.csv";"sg-com-opendata-2020-11-02-19h20.csv";"";"file";"csv";"text/csv";91059615;"sha1";"70f20b0deaf09b62df0b6db16d6ab29b2c713273";"2020-11-02T19:20:36.317000";"2020-11-02T19:20:36.558000";0
"5f8fe1290de5138270132602";"Données de laboratoires infra-départementales durant l'épidémie COVID-19";"donnees-de-laboratoires-infra-departementales-durant-lepidemie-covid-19";"https://www.data.gouv.fr/fr/datasets/donnees-de-laboratoires-infra-departementales-durant-lepidemie-covid-19/";"Santé publique France";"5e721a395d57f93d0bed451f";"Licence Ouverte / Open Licence version 2.0";False;"a2547886-0c57-4cb3-bf4a-6b11338b7303";"https://static.data.gouv.fr/resources/donnees-de-laboratoires-infra-departementales-durant-lepidemie-covid-19/20201101-192138/sg-iris-opendata-2020-11-01-19h20.csv";"sg-iris-opendata-2020-11-01-19h20.csv";"";"file";"csv";"text/csv";137905327;"sha1";"cbd93c4cb8a520d0a0c095b8c46b775540e1e1df";"2020-11-01T19:21:51.853000";"2020-11-01T19:21:52.127000";0
"5f8fe1290de5138270132602";"Données de laboratoires infra-départementales durant l'épidémie COVID-19";"donnees-de-laboratoires-infra-departementales-durant-lepidemie-covid-19";"https://www.data.gouv.fr/fr/datasets/donnees-de-laboratoires-infra-departementales-durant-lepidemie-covid-19/";"Santé publique France";"5e721a395d57f93d0bed451f";"Licence Ouverte / Open Licence version 2.0";False;"f582e79b-bd05-414a-a2f0-db2fbe8229a6";"https://static.data.gouv.fr/resources/donnees-de-laboratoires-infra-departementales-durant-lepidemie-covid-19/20201101-192045/sg-epci-opendata-2020-11-01-19h20.csv";"sg-epci-opendata-2020-11-01-19h20.csv";"";"file";"csv";"text/csv";3622268;"sha1";"21130ada65ad06bb9f5fb92191a4f2d0271a8306";"2020-11-01T19:20:46.682000";"2020-11-01T19:20:46.908000";0
"5f8fe1290de5138270132602";"Données de laboratoires infra-départementales durant l'épidémie COVID-19";"donnees-de-laboratoires-infra-departementales-durant-lepidemie-covid-19";"https://www.data.gouv.fr/fr/datasets/donnees-de-laboratoires-infra-departementales-durant-lepidemie-covid-19/";"Santé publique France";"5e721a395d57f93d0bed451f";"Licence Ouverte / Open Licence version 2.0";False;"8100bb48-b2a0-43f4-9e96-0e8b56af0727";"https://static.data.gouv.fr/resources/donnees-de-laboratoires-infra-departementales-durant-lepidemie-covid-19/20201101-192033/sg-com-opendata-2020-11-01-19h20.csv";"sg-com-opendata-2020-11-01-19h20.csv";"";"file";"csv";"text/csv";90834711;"sha1";"7db0e85ab82db87534cb15b1ed9368b371213ac1";"2020-11-01T19:20:42.585000";"2020-11-01T19:20:42.796000";0
"5f8fe1290de5138270132602";"Données de laboratoires infra-départementales durant l'épidémie COVID-19";"donnees-de-laboratoires-infra-departementales-durant-lepidemie-covid-19";"https://www.data.gouv.fr/fr/datasets/donnees-de-laboratoires-infra-departementales-durant-lepidemie-covid-19/";"Santé publique France";"5e721a395d57f93d0bed451f";"Licence Ouverte / Open Licence version 2.0";False;"36d8cd05-281c-4a67-b844-08041c35873b";"https://static.data.gouv.fr/resources/donnees-de-laboratoires-infra-departementales-durant-lepidemie-covid-19/20201031-192125/sg-iris-opendata-2020-10-31-19h20.csv";"sg-iris-opendata-2020-10-31-19h20.csv";"";"file";"csv";"text/csv";137603039;"sha1";"343a74b62115b65d7963d4f81f1681c4d1f4a558";"2020-10-31T19:21:32.350000";"2020-10-31T19:21:32.536000";0
"5f8fe1290de5138270132602";"Données de laboratoires infra-départementales durant l'épidémie COVID-19";"donnees-de-laboratoires-infra-departementales-durant-lepidemie-covid-19";"https://www.data.gouv.fr/fr/datasets/donnees-de-laboratoires-infra-departementales-durant-lepidemie-covid-19/";"Santé publique France";"5e721a395d57f93d0bed451f";"Licence Ouverte / Open Licence version 2.0";False;"b6b52bf1-74e0-43cd-ab34-cda8cfb0efd1";"https://static.data.gouv.fr/resources/donnees-de-laboratoires-infra-departementales-durant-lepidemie-covid-19/20201031-192040/sg-epci-opendata-2020-10-31-19h20.csv";"sg-epci-opendata-2020-10-31-19h20.csv";"";"file";"csv";"text/csv";3613588;"sha1";"2c1c4d12633b016b0a9bb055577fa71afe557879";"2020-10-31T19:20:40.477000";"2020-10-31T19:20:40.736000";0
"5f8fe1290de5138270132602";"Données de laboratoires infra-départementales durant l'épidémie COVID-19";"donnees-de-laboratoires-infra-departementales-durant-lepidemie-covid-19";"https://www.data.gouv.fr/fr/datasets/donnees-de-laboratoires-infra-departementales-durant-lepidemie-covid-19/";"Santé publique France";"5e721a395d57f93d0bed451f";"Licence Ouverte / Open Licence version 2.0";False;"9d80cb88-79e6-4515-b800-f5924769768d";"https://static.data.gouv.fr/resources/donnees-de-laboratoires-infra-departementales-durant-lepidemie-covid-19/20201031-192033/sg-com-opendata-2020-10-31-19h20.csv";"sg-com-opendata-2020-10-31-19h20.csv";"";"file";"csv";"text/csv";90609132;"sha1";"0ec998b211f80d991ab6163a5432e2267f019000";"2020-10-31T19:20:37.517000";"2020-10-31T19:20:37.673000";0
"5f8fe1290de5138270132602";"Données de laboratoires infra-départementales durant l'épidémie COVID-19";"donnees-de-laboratoires-infra-departementales-durant-lepidemie-covid-19";"https://www.data.gouv.fr/fr/datasets/donnees-de-laboratoires-infra-departementales-durant-lepidemie-covid-19/";"Santé publique France";"5e721a395d57f93d0bed451f";"Licence Ouverte / Open Licence version 2.0";False;"10fd09db-c5ca-40d5-9f3e-998531a7ca95";"https://static.data.gouv.fr/resources/donnees-de-laboratoires-infra-departementales-durant-lepidemie-covid-19/20201030-192117/sg-iris-opendata-2020-10-30-19h20.csv";"sg-iris-opendata-2020-10-30-19h20.csv";"";"file";"csv";"text/csv";137313184;"sha1";"18d6c7fd96581f99216fc598b951eefdd2e40fd9";"2020-10-30T19:21:24.360000";"2020-10-30T19:21:24.781000";1
"5f8fe1290de5138270132602";"Données de laboratoires infra-départementales durant l'épidémie COVID-19";"donnees-de-laboratoires-infra-departementales-durant-lepidemie-covid-19";"https://www.data.gouv.fr/fr/datasets/donnees-de-laboratoires-infra-departementales-durant-lepidemie-covid-19/";"Santé publique France";"5e721a395d57f93d0bed451f";"Licence Ouverte / Open Licence version 2.0";False;"2c28f74d-1472-4667-9ae3-85b5b6db745a";"https://static.data.gouv.fr/resources/donnees-de-laboratoires-infra-departementales-durant-lepidemie-covid-19/20201030-192034/sg-epci-opendata-2020-10-30-19h20.csv";"sg-epci-opendata-2020-10-30-19h20.csv";"";"file";"csv";"text/csv";3604905;"sha1";"61ee03119ce33b0aa6a2f00cace3b45452a8b910";"2020-10-30T19:20:35.090000";"2020-10-30T19:20:35.306000";0
"5f8fe1290de5138270132602";"Données de laboratoires infra-départementales durant l'épidémie COVID-19";"donnees-de-laboratoires-infra-departementales-durant-lepidemie-covid-19";"https://www.data.gouv.fr/fr/datasets/donnees-de-laboratoires-infra-departementales-durant-lepidemie-covid-19/";"Santé publique France";"5e721a395d57f93d0bed451f";"Licence Ouverte / Open Licence version 2.0";False;"a5cbe001-f170-4cac-aab0-c58ed2c0c889";"https://static.data.gouv.fr/resources/donnees-de-laboratoires-infra-departementales-durant-lepidemie-covid-19/20201030-192028/sg-com-opendata-2020-10-30-19h20.csv";"sg-com-opendata-2020-10-30-19h20.csv";"";"file";"csv";"text/csv";90383978;"sha1";"30ca55fc9a2bdd9bedd2a9c937e5885115df5fa1";"2020-10-30T19:20:32.883000";"2020-10-30T19:20:33.096000";0
"5f8fe1290de5138270132602";"Données de laboratoires infra-départementales durant l'épidémie COVID-19";"donnees-de-laboratoires-infra-departementales-durant-lepidemie-covid-19";"https://www.data.gouv.fr/fr/datasets/donnees-de-laboratoires-infra-departementales-durant-lepidemie-covid-19/";"Santé publique France";"5e721a395d57f93d0bed451f";"Licence Ouverte / Open Licence version 2.0";False;"b365a31e-af50-4870-aa7a-db5f11266d0f";"https://static.data.gouv.fr/resources/donnees-de-laboratoires-infra-departementales-durant-lepidemie-covid-19/20201029-192338/sg-iris-opendata-2020-10-29-19h20.csv";"sg-iris-opendata-2020-10-29-19h20.csv";"";"file";"csv";"text/csv";136994942;"sha1";"ce38fd7bad0b657c5a88edf0558bc266f5877d47";"2020-10-29T19:23:45.185000";"2020-10-29T19:23:45.391000";0
"5f8fe1290de5138270132602";"Données de laboratoires infra-départementales durant l'épidémie COVID-19";"donnees-de-laboratoires-infra-departementales-durant-lepidemie-covid-19";"https://www.data.gouv.fr/fr/datasets/donnees-de-laboratoires-infra-departementales-durant-lepidemie-covid-19/";"Santé publique France";"5e721a395d57f93d0bed451f";"Licence Ouverte / Open Licence version 2.0";False;"ad3752ff-1e6b-4dd1-a168-c93320bc3157";"https://static.data.gouv.fr/resources/donnees-de-laboratoires-infra-departementales-durant-lepidemie-covid-19/20201029-192254/sg-epci-opendata-2020-10-29-19h20.csv";"sg-epci-opendata-2020-10-29-19h20.csv";"";"file";"csv";"text/csv";3595674;"sha1";"c3ebe2c88669e13301b96f26d0ffe564a921048d";"2020-10-29T19:22:54.382000";"2020-10-29T19:22:54.597000";0
"5f8fe1290de5138270132602";"Données de laboratoires infra-départementales durant l'épidémie COVID-19";"donnees-de-laboratoires-infra-departementales-durant-lepidemie-covid-19";"https://www.data.gouv.fr/fr/datasets/donnees-de-laboratoires-infra-departementales-durant-lepidemie-covid-19/";"Santé publique France";"5e721a395d57f93d0bed451f";"Licence Ouverte / Open Licence version 2.0";False;"3173b38d-af1c-4958-8936-d4d85c5c9564";"https://static.data.gouv.fr/resources/donnees-de-laboratoires-infra-departementales-durant-lepidemie-covid-19/20201029-192248/sg-com-opendata-2020-10-29-19h20.csv";"sg-com-opendata-2020-10-29-19h20.csv";"";"file";"csv";"text/csv";90157575;"sha1";"2c4d917a75e9b65c161b099f7635a63c05ef3a44";"2020-10-29T19:22:52.308000";"2020-10-29T19:22:52.487000";0
"5f8fe1290de5138270132602";"Données de laboratoires infra-départementales durant l'épidémie COVID-19";"donnees-de-laboratoires-infra-departementales-durant-lepidemie-covid-19";"https://www.data.gouv.fr/fr/datasets/donnees-de-laboratoires-infra-departementales-durant-lepidemie-covid-19/";"Santé publique France";"5e721a395d57f93d0bed451f";"Licence Ouverte / Open Licence version 2.0";False;"8f6fce9d-374a-4bf7-a059-c5fcd2545254";"https://static.data.gouv.fr/resources/donnees-de-laboratoires-infra-departementales-durant-lepidemie-covid-19/20201029-153924/20201028-note-methodologique-echelons-infa-departementaux.pdf";"Note méthodologique échelons infra-départementaux";"";"file";"pdf";"application/pdf";1052754;"sha1";"f32433ef9c65ea237bf6faed51cdff11803348a8";"2020-10-29T15:39:24.501000";"2020-10-29T15:40:23.819000";12
"5f8fe1290de5138270132602";"Données de laboratoires infra-départementales durant l'épidémie COVID-19";"donnees-de-laboratoires-infra-departementales-durant-lepidemie-covid-19";"https://www.data.gouv.fr/fr/datasets/donnees-de-laboratoires-infra-departementales-durant-lepidemie-covid-19/";"Santé publique France";"5e721a395d57f93d0bed451f";"Licence Ouverte / Open Licence version 2.0";False;"4fdaeb1f-ca3e-4fb2-bd67-57ff6a58d6a6";"https://static.data.gouv.fr/resources/donnees-de-laboratoires-infra-departementales-durant-lepidemie-covid-19/20201028-192116/sg-iris-opendata-2020-10-28-19h20.csv";"sg-iris-opendata-2020-10-28-19h20.csv";"";"file";"csv";"text/csv";136705999;"sha1";"a68726690cb067d40d2098e828de7aed60364fa0";"2020-10-28T19:21:23.172000";"2020-10-28T19:21:23.302000";0
"5f8fe1290de5138270132602";"Données de laboratoires infra-départementales durant l'épidémie COVID-19";"donnees-de-laboratoires-infra-departementales-durant-lepidemie-covid-19";"https://www.data.gouv.fr/fr/datasets/donnees-de-laboratoires-infra-departementales-durant-lepidemie-covid-19/";"Santé publique France";"5e721a395d57f93d0bed451f";"Licence Ouverte / Open Licence version 2.0";False;"681cbf49-b5ae-48a1-b7c9-e58cd06e3c63";"https://static.data.gouv.fr/resources/donnees-de-laboratoires-infra-departementales-durant-lepidemie-covid-19/20201028-192034/sg-epci-opendata-2020-10-28-19h20.csv";"sg-epci-opendata-2020-10-28-19h20.csv";"";"file";"csv";"text/csv";3586690;"sha1";"6c47465fec126a5a82640f509af7c0ea9fca9726";"2020-10-28T19:20:34.861000";"2020-10-28T19:20:35.061000";0
"5f8fe1290de5138270132602";"Données de laboratoires infra-départementales durant l'épidémie COVID-19";"donnees-de-laboratoires-infra-departementales-durant-lepidemie-covid-19";"https://www.data.gouv.fr/fr/datasets/donnees-de-laboratoires-infra-departementales-durant-lepidemie-covid-19/";"Santé publique France";"5e721a395d57f93d0bed451f";"Licence Ouverte / Open Licence version 2.0";False;"f2187f59-375d-4994-9c0b-6a09344580a7";"https://static.data.gouv.fr/resources/donnees-de-laboratoires-infra-departementales-durant-lepidemie-covid-19/20201028-192028/sg-com-opendata-2020-10-28-19h20.csv";"sg-com-opendata-2020-10-28-19h20.csv";"";"file";"csv";"text/csv";89947266;"sha1";"dce5b7d077d4d1905c8c035790e463736a614b58";"2020-10-28T19:20:32.856000";"2020-10-28T19:20:32.992000";0
"5f8fe1290de5138270132602";"Données de laboratoires infra-départementales durant l'épidémie COVID-19";"donnees-de-laboratoires-infra-departementales-durant-lepidemie-covid-19";"https://www.data.gouv.fr/fr/datasets/donnees-de-laboratoires-infra-departementales-durant-lepidemie-covid-19/";"Santé publique France";"5e721a395d57f93d0bed451f";"Licence Ouverte / Open Licence version 2.0";False;"969bfa30-e14c-4a8f-be47-75a8fce6a197";"https://static.data.gouv.fr/resources/donnees-de-laboratoires-infra-departementales-durant-lepidemie-covid-19/20201027-213638/sg-iris-opendata-2020-10-27-21h36.csv";"sg-iris-opendata-2020-10-27-21h36.csv";"";"file";"csv";"text/csv";130612916;"sha1";"4c894dc1c7003178f6103a2a26a09805b4830ff7";"2020-10-27T21:36:44.906000";"2020-10-27T21:36:45.145000";0
"5f8fe1290de5138270132602";"Données de laboratoires infra-départementales durant l'épidémie COVID-19";"donnees-de-laboratoires-infra-departementales-durant-lepidemie-covid-19";"https://www.data.gouv.fr/fr/datasets/donnees-de-laboratoires-infra-departementales-durant-lepidemie-covid-19/";"Santé publique France";"5e721a395d57f93d0bed451f";"Licence Ouverte / Open Licence version 2.0";False;"2147578a-afbe-43c3-a45b-0bca9a2c66d8";"https://static.data.gouv.fr/resources/donnees-de-laboratoires-infra-departementales-durant-lepidemie-covid-19/20201027-192033/sg-epci-opendata-2020-10-27-19h20.csv";"sg-epci-opendata-2020-10-27-19h20.csv";"";"file";"csv";"text/csv";3426453;"sha1";"bbcd58f2d49aaf6ea7a579774bae4d05cb848cb6";"2020-10-27T19:20:33.359000";"2020-10-27T19:20:33.599000";0
"5f8fe1290de5138270132602";"Données de laboratoires infra-départementales durant l'épidémie COVID-19";"donnees-de-laboratoires-infra-departementales-durant-lepidemie-covid-19";"https://www.data.gouv.fr/fr/datasets/donnees-de-laboratoires-infra-departementales-durant-lepidemie-covid-19/";"Santé publique France";"5e721a395d57f93d0bed451f";"Licence Ouverte / Open Licence version 2.0";False;"0f07aec5-129d-4038-ac41-a246bad4f723";"https://static.data.gouv.fr/resources/donnees-de-laboratoires-infra-departementales-durant-lepidemie-covid-19/20201027-192027/sg-com-opendata-2020-10-27-19h20.csv";"sg-com-opendata-2020-10-27-19h20.csv";"";"file";"csv";"text/csv";85927824;"sha1";"c07d05a7288a743983ca3215f9f46a1ce81cc5c8";"2020-10-27T19:20:31.367000";"2020-10-27T19:20:31.604000";0
"5f8fe1290de5138270132602";"Données de laboratoires infra-départementales durant l'épidémie COVID-19";"donnees-de-laboratoires-infra-departementales-durant-lepidemie-covid-19";"https://www.data.gouv.fr/fr/datasets/donnees-de-laboratoires-infra-departementales-durant-lepidemie-covid-19/";"Santé publique France";"5e721a395d57f93d0bed451f";"Licence Ouverte / Open Licence version 2.0";False;"f52f8c9f-d264-4c87-82e0-ae1ed6e92872";"https://static.data.gouv.fr/resources/donnees-de-laboratoires-infra-departementales-durant-lepidemie-covid-19/20201022-174329/metadonnees-sg-com-opendata.csv";"metadonnees-sg-com-opendata.csv";"";"file";"csv";"text/csv";1277;"sha1";"515dfeef03e3560ef36d7b5bcbf700303855a120";"2020-10-22T17:43:29.307000";"2020-10-22T17:43:32.868000";17
"5f8fe1290de5138270132602";"Données de laboratoires infra-départementales durant l'épidémie COVID-19";"donnees-de-laboratoires-infra-departementales-durant-lepidemie-covid-19";"https://www.data.gouv.fr/fr/datasets/donnees-de-laboratoires-infra-departementales-durant-lepidemie-covid-19/";"Santé publique France";"5e721a395d57f93d0bed451f";"Licence Ouverte / Open Licence version 2.0";False;"44d4c265-24c3-4720-9144-f3e4a5213422";"https://static.data.gouv.fr/resources/donnees-de-laboratoires-infra-departementales-durant-lepidemie-covid-19/20201105-192057/sg-iris-opendata-2020-11-05-19h20.csv";"sg-iris-opendata-2020-11-05-19h20.csv";"";"file";"csv";"text/csv";139113224;"sha1";"187b1927b5e2ff48025c96c068b6506d8fbeb4cf";"2020-10-22T17:30:40.940000";"2020-11-05T19:21:03.904000";441
"5f8fe1290de5138270132602";"Données de laboratoires infra-départementales durant l'épidémie COVID-19";"donnees-de-laboratoires-infra-departementales-durant-lepidemie-covid-19";"https://www.data.gouv.fr/fr/datasets/donnees-de-laboratoires-infra-departementales-durant-lepidemie-covid-19/";"Santé publique France";"5e721a395d57f93d0bed451f";"Licence Ouverte / Open Licence version 2.0";False;"34dcc90c-aec9-48ee-9fd3-a972b44202c0";"https://static.data.gouv.fr/resources/donnees-de-laboratoires-infra-departementales-durant-lepidemie-covid-19/20201105-192036/sg-epci-opendata-2020-11-05-19h20.csv";"sg-epci-opendata-2020-11-05-19h20.csv";"";"file";"csv";"text/csv";3652357;"sha1";"6869b76112668110e709d1bb57fc52729c254ab6";"2020-10-22T17:27:45.499000";"2020-11-05T19:20:36.480000";53
"5f8fe1290de5138270132602";"Données de laboratoires infra-départementales durant l'épidémie COVID-19";"donnees-de-laboratoires-infra-departementales-durant-lepidemie-covid-19";"https://www.data.gouv.fr/fr/datasets/donnees-de-laboratoires-infra-departementales-durant-lepidemie-covid-19/";"Santé publique France";"5e721a395d57f93d0bed451f";"Licence Ouverte / Open Licence version 2.0";False;"c2e2e844-9671-4f81-8c81-1b79f7687de3";"https://static.data.gouv.fr/resources/donnees-de-laboratoires-infra-departementales-durant-lepidemie-covid-19/20201105-192013/sg-com-opendata-2020-11-05-19h20.csv";"sg-com-opendata-2020-11-05-19h20.csv";"";"file";"csv";"text/csv";91729965;"sha1";"0601f116d498fb3084e87d2c2b5f08bd044ccfa1";"2020-10-22T17:27:39.050000";"2020-11-05T19:20:17.668000";211
"5f8fe1290de5138270132602";"Données de laboratoires infra-départementales durant l'épidémie COVID-19";"donnees-de-laboratoires-infra-departementales-durant-lepidemie-covid-19";"https://www.data.gouv.fr/fr/datasets/donnees-de-laboratoires-infra-departementales-durant-lepidemie-covid-19/";"Santé publique France";"5e721a395d57f93d0bed451f";"Licence Ouverte / Open Licence version 2.0";False;"552c4ab4-8794-42e6-a224-df9f6d661c22";"https://static.data.gouv.fr/resources/indicateurs-infra-departementaux-de-depistage-covid-19/20201021-095638/sidep-note-methodo-270820.pdf";"sidep-note-methodo-270820.pdf";"";"file";"pdf";"application/pdf";418200;"sha1";"525806ddf75a26bd9255d306e20ff5fe206212a6";"2020-10-21T09:56:38.517000";"2020-10-21T09:56:41.604000";39
"5f8fe1290de5138270132602";"Données de laboratoires infra-départementales durant l'épidémie COVID-19";"donnees-de-laboratoires-infra-departementales-durant-lepidemie-covid-19";"https://www.data.gouv.fr/fr/datasets/donnees-de-laboratoires-infra-departementales-durant-lepidemie-covid-19/";"Santé publique France";"5e721a395d57f93d0bed451f";"Licence Ouverte / Open Licence version 2.0";False;"5a1bb3a1-e1fa-4ec7-9af2-8441af04d118";"https://static.data.gouv.fr/resources/indicateurs-infra-departementaux-de-depistage-covid-19/20201021-095645/faq-geodes-sidep-250920.pdf";"faq-geodes-sidep-250920.pdf";"";"file";"pdf";"application/pdf";321851;"sha1";"d87300836b4b88c5a48171625232fcc575c16653";"2020-10-21T09:56:46.133000";"2020-10-21T09:56:50.592000";53
"5f8fe1290de5138270132602";"Données de laboratoires infra-départementales durant l'épidémie COVID-19";"donnees-de-laboratoires-infra-departementales-durant-lepidemie-covid-19";"https://www.data.gouv.fr/fr/datasets/donnees-de-laboratoires-infra-departementales-durant-lepidemie-covid-19/";"Santé publique France";"5e721a395d57f93d0bed451f";"Licence Ouverte / Open Licence version 2.0";False;"c79f4f16-f3da-421d-b521-57909aa19285";"https://static.data.gouv.fr/resources/indicateurs-infra-departementaux-de-depistage-covid-19/20201021-120859/metadonnees-sg-iris-opendata.csv";"metadonnees-sg-iris-opendata.csv";"";"file";"csv";"text/csv";1286;"sha1";"79efdd168cfc2aaa0c7628d5ef1e0f2b3692ec47";"2020-10-21T12:08:59.507000";"2020-10-21T12:09:02.773000";7
"5f8fe1290de5138270132602";"Données de laboratoires infra-départementales durant l'épidémie COVID-19";"donnees-de-laboratoires-infra-departementales-durant-lepidemie-covid-19";"https://www.data.gouv.fr/fr/datasets/donnees-de-laboratoires-infra-departementales-durant-lepidemie-covid-19/";"Santé publique France";"5e721a395d57f93d0bed451f";"Licence Ouverte / Open Licence version 2.0";False;"18b2a0c3-2705-4e91-8541-e0b74140f0df";"https://static.data.gouv.fr/resources/indicateurs-infra-departementaux-de-depistage-covid-19/20201021-092031/metadonnees-sg-epci-opendata.csv";"metadonnees-sg-epci-opendata.csv";"";"file";"csv";"text/csv";1290;"sha1";"e4999bb5e71dd47aecf29f60f6655f79208a5980";"2020-10-21T09:20:31.759000";"2020-10-21T09:20:35.528000";8
"5f733777722fc12a413290eb";"Indicateurs de l’activité épidémique: taux d'incidence de l'épidémie de COVID-19 par métropole";"indicateurs-de-lactivite-epidemique-taux-dincidence-de-lepidemie-de-covid-19-par-metropole";"https://www.data.gouv.fr/fr/datasets/indicateurs-de-lactivite-epidemique-taux-dincidence-de-lepidemie-de-covid-19-par-metropole/";"Santé publique France";"5e721a395d57f93d0bed451f";"Licence Ouverte / Open Licence version 2.0";False;"ed3e278c-0128-4ad4-a3d3-b14f28514b0a";"https://static.data.gouv.fr/resources/indicateurs-de-lactivite-epidemique-taux-dincidence-de-lepidemie-de-covid-19-par-metropole/20201105-192040/sg-metro-opendata-2020-11-05-19h20.csv";"sg-metro-opendata-2020-11-05-19h20.csv";"";"file";"csv";"text/csv";40770;"sha1";"d0559445042835a59c851e502ae7679c3f6bc516";"2020-11-05T19:20:40.624000";"2020-11-05T19:20:40.785000";0
"5f733777722fc12a413290eb";"Indicateurs de l’activité épidémique: taux d'incidence de l'épidémie de COVID-19 par métropole";"indicateurs-de-lactivite-epidemique-taux-dincidence-de-lepidemie-de-covid-19-par-metropole";"https://www.data.gouv.fr/fr/datasets/indicateurs-de-lactivite-epidemique-taux-dincidence-de-lepidemie-de-covid-19-par-metropole/";"Santé publique France";"5e721a395d57f93d0bed451f";"Licence Ouverte / Open Licence version 2.0";False;"fca03e24-679d-4215-b39a-fce851d775ef";"https://static.data.gouv.fr/resources/indicateurs-de-lactivite-epidemique-taux-dincidence-de-lepidemie-de-covid-19-par-metropole/20201104-192039/sg-metro-opendata-2020-11-04-19h20.csv";"sg-metro-opendata-2020-11-04-19h20.csv";"";"file";"csv";"text/csv";40754;"sha1";"5fd2fe43bae20539c8eea12241d2a555f3e703bb";"2020-11-04T19:20:39.318000";"2020-11-04T19:20:39.498000";0
"5f733777722fc12a413290eb";"Indicateurs de l’activité épidémique: taux d'incidence de l'épidémie de COVID-19 par métropole";"indicateurs-de-lactivite-epidemique-taux-dincidence-de-lepidemie-de-covid-19-par-metropole";"https://www.data.gouv.fr/fr/datasets/indicateurs-de-lactivite-epidemique-taux-dincidence-de-lepidemie-de-covid-19-par-metropole/";"Santé publique France";"5e721a395d57f93d0bed451f";"Licence Ouverte / Open Licence version 2.0";False;"65fcf8ad-21fc-431a-96ef-eb24ba4e1e0f";"https://static.data.gouv.fr/resources/indicateurs-de-lactivite-epidemique-taux-dincidence-de-lepidemie-de-covid-19-par-metropole/20201103-192040/sg-metro-opendata-2020-11-03-19h20.csv";"sg-metro-opendata-2020-11-03-19h20.csv";"";"file";"csv";"text/csv";40747;"sha1";"ffbf24e7fc2c33fb48b05f79ee5fa84ba1dd74e8";"2020-11-03T19:20:40.159000";"2020-11-03T19:20:40.333000";0
"5f733777722fc12a413290eb";"Indicateurs de l’activité épidémique: taux d'incidence de l'épidémie de COVID-19 par métropole";"indicateurs-de-lactivite-epidemique-taux-dincidence-de-lepidemie-de-covid-19-par-metropole";"https://www.data.gouv.fr/fr/datasets/indicateurs-de-lactivite-epidemique-taux-dincidence-de-lepidemie-de-covid-19-par-metropole/";"Santé publique France";"5e721a395d57f93d0bed451f";"Licence Ouverte / Open Licence version 2.0";False;"c26a0a39-93b1-45f1-873b-4f97c3b3a9f8";"https://static.data.gouv.fr/resources/indicateurs-de-lactivite-epidemique-taux-dincidence-de-lepidemie-de-covid-19-par-metropole/20201102-192041/sg-metro-opendata-2020-11-02-19h20.csv";"sg-metro-opendata-2020-11-02-19h20.csv";"";"file";"csv";"text/csv";40735;"sha1";"188e35c53f91773df940c7f1084b954fdbd32762";"2020-11-02T19:20:41.496000";"2020-11-02T19:20:41.721000";0
"5f733777722fc12a413290eb";"Indicateurs de l’activité épidémique: taux d'incidence de l'épidémie de COVID-19 par métropole";"indicateurs-de-lactivite-epidemique-taux-dincidence-de-lepidemie-de-covid-19-par-metropole";"https://www.data.gouv.fr/fr/datasets/indicateurs-de-lactivite-epidemique-taux-dincidence-de-lepidemie-de-covid-19-par-metropole/";"Santé publique France";"5e721a395d57f93d0bed451f";"Licence Ouverte / Open Licence version 2.0";False;"53cb942b-596e-4bab-9ff4-c17a71e68145";"https://static.data.gouv.fr/resources/indicateurs-de-lactivite-epidemique-taux-dincidence-de-lepidemie-de-covid-19-par-metropole/20201101-192048/sg-metro-opendata-2020-11-01-19h20.csv";"sg-metro-opendata-2020-11-01-19h20.csv";"";"file";"csv";"text/csv";40709;"sha1";"db8107e462cc1acb51a1729a317b2682f1e1db9f";"2020-11-01T19:20:49.117000";"2020-11-01T19:20:49.359000";0
"5f733777722fc12a413290eb";"Indicateurs de l’activité épidémique: taux d'incidence de l'épidémie de COVID-19 par métropole";"indicateurs-de-lactivite-epidemique-taux-dincidence-de-lepidemie-de-covid-19-par-metropole";"https://www.data.gouv.fr/fr/datasets/indicateurs-de-lactivite-epidemique-taux-dincidence-de-lepidemie-de-covid-19-par-metropole/";"Santé publique France";"5e721a395d57f93d0bed451f";"Licence Ouverte / Open Licence version 2.0";False;"bc1be2a0-5a50-4ace-a66c-0a195699bd1b";"https://static.data.gouv.fr/resources/indicateurs-de-lactivite-epidemique-taux-dincidence-de-lepidemie-de-covid-19-par-metropole/20201031-192042/sg-metro-opendata-2020-10-31-19h20.csv";"sg-metro-opendata-2020-10-31-19h20.csv";"";"file";"csv";"text/csv";40703;"sha1";"c2033057be963855ba167c585e7d68390720cec8";"2020-10-31T19:20:42.633000";"2020-10-31T19:20:42.808000";0
"5f733777722fc12a413290eb";"Indicateurs de l’activité épidémique: taux d'incidence de l'épidémie de COVID-19 par métropole";"indicateurs-de-lactivite-epidemique-taux-dincidence-de-lepidemie-de-covid-19-par-metropole";"https://www.data.gouv.fr/fr/datasets/indicateurs-de-lactivite-epidemique-taux-dincidence-de-lepidemie-de-covid-19-par-metropole/";"Santé publique France";"5e721a395d57f93d0bed451f";"Licence Ouverte / Open Licence version 2.0";False;"7f2c81f0-733a-47d3-a029-dae26496e756";"https://static.data.gouv.fr/resources/indicateurs-de-lactivite-epidemique-taux-dincidence-de-lepidemie-de-covid-19-par-metropole/20201030-195203/sg-metro-opendata-2020-10-30-19h20.csv";"sg-metro-opendata-2020-10-30-19h20.csv";"";"file";"csv";"text/csv";40667;"sha1";"9fdf35f55fc592a08763a560021da766376efdb9";"2020-10-30T19:52:03.799000";"2020-10-30T19:52:15.622000";0
"5f733777722fc12a413290eb";"Indicateurs de l’activité épidémique: taux d'incidence de l'épidémie de COVID-19 par métropole";"indicateurs-de-lactivite-epidemique-taux-dincidence-de-lepidemie-de-covid-19-par-metropole";"https://www.data.gouv.fr/fr/datasets/indicateurs-de-lactivite-epidemique-taux-dincidence-de-lepidemie-de-covid-19-par-metropole/";"Santé publique France";"5e721a395d57f93d0bed451f";"Licence Ouverte / Open Licence version 2.0";False;"643b075c-1a75-411e-ba3c-a92aba6fa8d0";"https://static.data.gouv.fr/resources/indicateurs-de-lactivite-epidemique-taux-dincidence-de-lepidemie-de-covid-19-par-metropole/20201029-192255/sg-metro-opendata-2020-10-29-19h20.csv";"sg-metro-opendata-2020-10-29-19h20.csv";"";"file";"csv";"text/csv";40631;"sha1";"5bae7b057c47d98709c7e71ed7b69425bda1d518";"2020-10-29T19:22:55.286000";"2020-10-29T19:22:55.540000";0
"5f733777722fc12a413290eb";"Indicateurs de l’activité épidémique: taux d'incidence de l'épidémie de COVID-19 par métropole";"indicateurs-de-lactivite-epidemique-taux-dincidence-de-lepidemie-de-covid-19-par-metropole";"https://www.data.gouv.fr/fr/datasets/indicateurs-de-lactivite-epidemique-taux-dincidence-de-lepidemie-de-covid-19-par-metropole/";"Santé publique France";"5e721a395d57f93d0bed451f";"Licence Ouverte / Open Licence version 2.0";False;"2bf672c0-c89e-4a31-9b47-ce916e36d170";"https://static.data.gouv.fr/resources/indicateurs-de-lactivite-epidemique-taux-dincidence-de-lepidemie-de-covid-19-par-metropole/20201029-193320/sg-metro-opendata-2020-10-28-19h20.csv";"sg-metro-opendata-2020-10-28-19h20.csv";"";"file";"csv";"text/csv";40623;"sha1";"520f4fc307dfeb276bc01b43ac9ddfb03581ea88";"2020-10-29T19:33:20.310000";"2020-10-29T19:33:32.015000";0
"5f733777722fc12a413290eb";"Indicateurs de l’activité épidémique: taux d'incidence de l'épidémie de COVID-19 par métropole";"indicateurs-de-lactivite-epidemique-taux-dincidence-de-lepidemie-de-covid-19-par-metropole";"https://www.data.gouv.fr/fr/datasets/indicateurs-de-lactivite-epidemique-taux-dincidence-de-lepidemie-de-covid-19-par-metropole/";"Santé publique France";"5e721a395d57f93d0bed451f";"Licence Ouverte / Open Licence version 2.0";False;"dea08301-8d54-4d7a-8cbf-5fc8c736fc4c";"https://static.data.gouv.fr/resources/indicateurs-de-lactivite-epidemique-taux-dincidence-de-lepidemie-de-covid-19-par-metropole/20201027-192034/sg-metro-opendata-2020-10-27-19h20.csv";"sg-metro-opendata-2020-10-27-19h20.csv";"";"file";"csv";"text/csv";38852;"sha1";"399486f16b150730e8637f37e912459bf5d47230";"2020-10-27T19:20:34.245000";"2020-10-27T19:20:34.470000";0
"5f733777722fc12a413290eb";"Indicateurs de l’activité épidémique: taux d'incidence de l'épidémie de COVID-19 par métropole";"indicateurs-de-lactivite-epidemique-taux-dincidence-de-lepidemie-de-covid-19-par-metropole";"https://www.data.gouv.fr/fr/datasets/indicateurs-de-lactivite-epidemique-taux-dincidence-de-lepidemie-de-covid-19-par-metropole/";"Santé publique France";"5e721a395d57f93d0bed451f";"Licence Ouverte / Open Licence version 2.0";False;"e750fb63-689f-4ee5-8bf8-fe8c607d0af6";"https://static.data.gouv.fr/resources/indicateurs-de-lactivite-epidemique-taux-dincidence-de-lepidemie-de-covid-19-par-metropole/20201026-192032/sg-metro-opendata-2020-10-26-19h20.csv";"sg-metro-opendata-2020-10-26-19h20.csv";"";"file";"csv";"text/csv";38852;"sha1";"5c5a5f5dc06ca28d61692f42aec944b304391f44";"2020-10-26T19:20:33.118000";"2020-10-26T19:20:33.275000";0
"5f733777722fc12a413290eb";"Indicateurs de l’activité épidémique: taux d'incidence de l'épidémie de COVID-19 par métropole";"indicateurs-de-lactivite-epidemique-taux-dincidence-de-lepidemie-de-covid-19-par-metropole";"https://www.data.gouv.fr/fr/datasets/indicateurs-de-lactivite-epidemique-taux-dincidence-de-lepidemie-de-covid-19-par-metropole/";"Santé publique France";"5e721a395d57f93d0bed451f";"Licence Ouverte / Open Licence version 2.0";False;"e2a4d812-00f8-410e-8492-89abfb3f53ec";"https://static.data.gouv.fr/resources/indicateurs-de-lactivite-epidemique-taux-dincidence-de-lepidemie-de-covid-19-par-metropole/20201024-192002/sg-metro-opendata-2020-10-24-19h20.csv";"sg-metro-opendata-2020-10-24-19h20.csv";"";"file";"csv";"text/csv";41562;"sha1";"72108caed627d60d2b8ef24def2f32e4f9fc2d9b";"2020-10-24T19:20:02.314000";"2020-10-24T19:20:02.524000";0
"5f733777722fc12a413290eb";"Indicateurs de l’activité épidémique: taux d'incidence de l'épidémie de COVID-19 par métropole";"indicateurs-de-lactivite-epidemique-taux-dincidence-de-lepidemie-de-covid-19-par-metropole";"https://www.data.gouv.fr/fr/datasets/indicateurs-de-lactivite-epidemique-taux-dincidence-de-lepidemie-de-covid-19-par-metropole/";"Santé publique France";"5e721a395d57f93d0bed451f";"Licence Ouverte / Open Licence version 2.0";False;"b1ee64ab-91e6-425f-bbd3-29bcb73c4cbd";"https://static.data.gouv.fr/resources/indicateurs-de-lactivite-epidemique-taux-dincidence-de-lepidemie-de-covid-19-par-metropole/20201023-192002/sg-metro-opendata-2020-10-23-19h20.csv";"sg-metro-opendata-2020-10-23-19h20.csv";"";"file";"csv";"text/csv";41560;"sha1";"8d6e95e6b8bafa4c9eb3940646de1157bc68bbf5";"2020-10-23T19:20:02.401000";"2020-10-23T19:20:02.521000";3
"5f733777722fc12a413290eb";"Indicateurs de l’activité épidémique: taux d'incidence de l'épidémie de COVID-19 par métropole";"indicateurs-de-lactivite-epidemique-taux-dincidence-de-lepidemie-de-covid-19-par-metropole";"https://www.data.gouv.fr/fr/datasets/indicateurs-de-lactivite-epidemique-taux-dincidence-de-lepidemie-de-covid-19-par-metropole/";"Santé publique France";"5e721a395d57f93d0bed451f";"Licence Ouverte / Open Licence version 2.0";False;"5bb721ef-d6ee-4aa3-8b49-746afb305e7a";"https://static.data.gouv.fr/resources/indicateurs-de-lactivite-epidemique-taux-dincidence-de-lepidemie-de-covid-19-par-metropole/20201021-094612/faq-geodes-sidep-250920.pdf";"faq-geodes-sidep-250920.pdf";"";"file";"pdf";"application/pdf";321851;"sha1";"d87300836b4b88c5a48171625232fcc575c16653";"2020-10-21T09:46:12.570000";"2020-10-21T09:46:18.039000";100
"5f733777722fc12a413290eb";"Indicateurs de l’activité épidémique: taux d'incidence de l'épidémie de COVID-19 par métropole";"indicateurs-de-lactivite-epidemique-taux-dincidence-de-lepidemie-de-covid-19-par-metropole";"https://www.data.gouv.fr/fr/datasets/indicateurs-de-lactivite-epidemique-taux-dincidence-de-lepidemie-de-covid-19-par-metropole/";"Santé publique France";"5e721a395d57f93d0bed451f";"Licence Ouverte / Open Licence version 2.0";False;"404c1b02-6c40-4467-9705-cfdb4758a965";"https://static.data.gouv.fr/resources/indicateurs-de-lactivite-epidemique-taux-dincidence-de-lepidemie-de-covid-19-par-metropole/20201021-094602/sidep-note-methodo-270820.pdf";"sidep-note-methodo-270820.pdf";"";"file";"pdf";"application/pdf";418200;"sha1";"525806ddf75a26bd9255d306e20ff5fe206212a6";"2020-10-21T09:46:02.258000";"2020-10-21T09:46:07.198000";15
"5f733777722fc12a413290eb";"Indicateurs de l’activité épidémique: taux d'incidence de l'épidémie de COVID-19 par métropole";"indicateurs-de-lactivite-epidemique-taux-dincidence-de-lepidemie-de-covid-19-par-metropole";"https://www.data.gouv.fr/fr/datasets/indicateurs-de-lactivite-epidemique-taux-dincidence-de-lepidemie-de-covid-19-par-metropole/";"Santé publique France";"5e721a395d57f93d0bed451f";"Licence Ouverte / Open Licence version 2.0";False;"9dd5cccd-6e48-45c1-b8d1-6fec8924b621";"https://static.data.gouv.fr/resources/indicateurs-de-lactivite-epidemique-taux-dincidence-de-lepidemie-de-covid-19-par-metropole/20201020-192002/sg-metro-opendata-2020-10-20-19h20.csv";"sg-metro-opendata-2020-10-20-19h20.csv";"";"file";"csv";"text/csv";39663;"sha1";"3eec26c265c71bef97af0b044c1fe9cad758f761";"2020-10-20T19:20:02.387000";"2020-10-20T19:20:02.514000";18
"5f733777722fc12a413290eb";"Indicateurs de l’activité épidémique: taux d'incidence de l'épidémie de COVID-19 par métropole";"indicateurs-de-lactivite-epidemique-taux-dincidence-de-lepidemie-de-covid-19-par-metropole";"https://www.data.gouv.fr/fr/datasets/indicateurs-de-lactivite-epidemique-taux-dincidence-de-lepidemie-de-covid-19-par-metropole/";"Santé publique France";"5e721a395d57f93d0bed451f";"Licence Ouverte / Open Licence version 2.0";False;"493ae99a-5f67-408f-9d62-7d1fbe4ce81d";"https://static.data.gouv.fr/resources/indicateurs-de-lactivite-epidemique-taux-dincidence-de-lepidemie-de-covid-19-par-metropole/20201018-192002/sg-metro-opendata-2020-10-18-19h20.csv";"sg-metro-opendata-2020-10-18-19h20.csv";"";"file";"csv";"text/csv";40427;"sha1";"595a6745f4f16625bf0b30babbec8466da1d0682";"2020-10-18T19:20:02.384000";"2020-10-18T19:20:02.592000";10
"5f733777722fc12a413290eb";"Indicateurs de l’activité épidémique: taux d'incidence de l'épidémie de COVID-19 par métropole";"indicateurs-de-lactivite-epidemique-taux-dincidence-de-lepidemie-de-covid-19-par-metropole";"https://www.data.gouv.fr/fr/datasets/indicateurs-de-lactivite-epidemique-taux-dincidence-de-lepidemie-de-covid-19-par-metropole/";"Santé publique France";"5e721a395d57f93d0bed451f";"Licence Ouverte / Open Licence version 2.0";False;"4ef34927-dc33-4507-b97a-ab2c52a0c490";"https://static.data.gouv.fr/resources/indicateurs-de-lactivite-epidemique-taux-dincidence-de-lepidemie-de-covid-19-par-metropole/20201017-192002/sg-metro-opendata-2020-10-17-19h20.csv";"sg-metro-opendata-2020-10-17-19h20.csv";"";"file";"csv";"text/csv";40415;"sha1";"3881a7009053e55e7a435ec166e5c5307b55757a";"2020-10-17T19:20:02.393000";"2020-10-17T19:20:02.559000";1
"5f733777722fc12a413290eb";"Indicateurs de l’activité épidémique: taux d'incidence de l'épidémie de COVID-19 par métropole";"indicateurs-de-lactivite-epidemique-taux-dincidence-de-lepidemie-de-covid-19-par-metropole";"https://www.data.gouv.fr/fr/datasets/indicateurs-de-lactivite-epidemique-taux-dincidence-de-lepidemie-de-covid-19-par-metropole/";"Santé publique France";"5e721a395d57f93d0bed451f";"Licence Ouverte / Open Licence version 2.0";False;"6fda6e87-3583-4417-ac97-1b5020f57cfd";"https://static.data.gouv.fr/resources/indicateurs-de-lactivite-epidemique-taux-dincidence-de-lepidemie-de-covid-19-par-metropole/20201017-131759/sg-metro-opendata-2020-10-17-13h17.csv";"sg-metro-opendata-2020-10-17-13h17.csv";"";"file";"csv";"text/csv";40391;"sha1";"6393ce3c248c65b726cdeb81d5a08cbd0fc79b21";"2020-10-17T13:17:59.191000";"2020-10-17T13:22:52.661000";0
"5f733777722fc12a413290eb";"Indicateurs de l’activité épidémique: taux d'incidence de l'épidémie de COVID-19 par métropole";"indicateurs-de-lactivite-epidemique-taux-dincidence-de-lepidemie-de-covid-19-par-metropole";"https://www.data.gouv.fr/fr/datasets/indicateurs-de-lactivite-epidemique-taux-dincidence-de-lepidemie-de-covid-19-par-metropole/";"Santé publique France";"5e721a395d57f93d0bed451f";"Licence Ouverte / Open Licence version 2.0";False;"61533034-0f2f-4b16-9a6d-28ffabb33a02";"https://static.data.gouv.fr/resources/indicateurs-de-lactivite-epidemique-taux-dincidence-de-lepidemie-de-covid-19-par-metropole/20201105-192038/sg-metro-opendata-2020-11-05-19h20.csv";"sg-metro-opendata-2020-11-05-19h20.csv";"";"file";"csv";"text/csv";40770;"sha1";"d0559445042835a59c851e502ae7679c3f6bc516";"2020-10-14T18:57:02.068000";"2020-11-05T19:20:39.060000";678
"5f733777722fc12a413290eb";"Indicateurs de l’activité épidémique: taux d'incidence de l'épidémie de COVID-19 par métropole";"indicateurs-de-lactivite-epidemique-taux-dincidence-de-lepidemie-de-covid-19-par-metropole";"https://www.data.gouv.fr/fr/datasets/indicateurs-de-lactivite-epidemique-taux-dincidence-de-lepidemie-de-covid-19-par-metropole/";"Santé publique France";"5e721a395d57f93d0bed451f";"Licence Ouverte / Open Licence version 2.0";False;"0fa52fca-4eb3-4786-92f1-6db24273068f";"https://static.data.gouv.fr/resources/indicateurs-de-lactivite-epidemique-taux-dincidence-de-lepidemie-de-covid-19-par-metropole/20201014-191744/metropole-epci.csv";"metropole-epci.csv";"Correspondences entre le code EPCI et le nom des métropoles";"file";"csv";"text/csv";413;"sha1";"26c02efa8f047df48f5077ddc290c3e1c67e9e35";"2020-10-14T18:26:09.377000";"2020-10-14T19:17:46.993000";169
"5f733777722fc12a413290eb";"Indicateurs de l’activité épidémique: taux d'incidence de l'épidémie de COVID-19 par métropole";"indicateurs-de-lactivite-epidemique-taux-dincidence-de-lepidemie-de-covid-19-par-metropole";"https://www.data.gouv.fr/fr/datasets/indicateurs-de-lactivite-epidemique-taux-dincidence-de-lepidemie-de-covid-19-par-metropole/";"Santé publique France";"5e721a395d57f93d0bed451f";"Licence Ouverte / Open Licence version 2.0";False;"b91c17e9-da70-4f22-9fde-84d5953c1cbb";"https://static.data.gouv.fr/resources/indicateurs-de-lactivite-epidemique-taux-dincidence-de-lepidemie-de-covid-19-par-metropole/20201014-190008/metadonnees-sg-metro-opendata.csv";"metadonnees-sg-metro-opendata.csv";"";"file";"csv";"text/csv";575;"sha1";"607ca173fedf7d33987641f4cff18aa6f5cfd2d1";"2020-10-14T16:08:44.902000";"2020-10-14T19:00:10.736000";24
"5e74ecf52eb7514f2d3b8845";"Données des urgences hospitalières et de SOS médecins relatives à l'épidémie de COVID-19 ";"donnees-des-urgences-hospitalieres-et-de-sos-medecins-relatives-a-lepidemie-de-covid-19";"https://www.data.gouv.fr/fr/datasets/donnees-des-urgences-hospitalieres-et-de-sos-medecins-relatives-a-lepidemie-de-covid-19/";"Santé publique France";"5e721a395d57f93d0bed451f";"Licence Ouverte / Open Licence version 2.0";False;"eceb9fb4-3ebc-4da3-828d-f5939712600a";"https://static.data.gouv.fr/resources/donnees-des-urgences-hospitalieres-et-de-sos-medecins-relatives-a-lepidemie-de-covid-19/20201105-191517/sursaud-corona-quot-dep-2020-11-05-19h15.csv";"sursaud-corona-quot-dep-2020-11-05-19h15.csv";"";"file";"csv";"text/csv";6167834;"sha1";"5ea0d129495f5f88def6c2e57ba4ab260ad2ff30";"2020-03-20T18:56:25.178000";"2020-11-05T19:15:18.199000";17434
"5e74ecf52eb7514f2d3b8845";"Données des urgences hospitalières et de SOS médecins relatives à l'épidémie de COVID-19 ";"donnees-des-urgences-hospitalieres-et-de-sos-medecins-relatives-a-lepidemie-de-covid-19";"https://www.data.gouv.fr/fr/datasets/donnees-des-urgences-hospitalieres-et-de-sos-medecins-relatives-a-lepidemie-de-covid-19/";"Santé publique France";"5e721a395d57f93d0bed451f";"Licence Ouverte / Open Licence version 2.0";False;"d2af5160-a21d-47b7-8f30-3c20dade63b1";"https://static.data.gouv.fr/resources/donnees-des-urgences-hospitalieres-et-de-sos-medecins-relatives-a-lepidemie-de-covid-19/20201105-191516/sursaud-corona-quot-reg-2020-11-05-19h15.csv";"sursaud-corona-quot-reg-2020-11-05-19h15.csv";"";"file";"csv";"text/csv";1300581;"sha1";"ecc794320e47f0767f767d2bc9018646d43e007e";"2020-03-20T18:56:25.009000";"2020-11-05T19:15:16.719000";3041
"5e74ecf52eb7514f2d3b8845";"Données des urgences hospitalières et de SOS médecins relatives à l'épidémie de COVID-19 ";"donnees-des-urgences-hospitalieres-et-de-sos-medecins-relatives-a-lepidemie-de-covid-19";"https://www.data.gouv.fr/fr/datasets/donnees-des-urgences-hospitalieres-et-de-sos-medecins-relatives-a-lepidemie-de-covid-19/";"Santé publique France";"5e721a395d57f93d0bed451f";"Licence Ouverte / Open Licence version 2.0";False;"219427ba-7e90-4eb1-9ac7-4de2e7e2112c";"https://static.data.gouv.fr/resources/donnees-des-urgences-hospitalieres-et-de-sos-medecins-relatives-a-lepidemie-de-covid-19/20200703-190036/sursaud-covid19-quotidien-2020-07-03-19h00-france.csv";"sursaud-covid19-quotidien-2020-07-03-19h00-france.csv";"";"file";"csv";"text/csv";55738;"sha1";"78e14522b9e618d56dea7036fa722e8ccc86a835";"2020-03-27T16:17:55.495000";"2020-07-03T19:00:36.723000";2762
"5e74ecf52eb7514f2d3b8845";"Données des urgences hospitalières et de SOS médecins relatives à l'épidémie de COVID-19 ";"donnees-des-urgences-hospitalieres-et-de-sos-medecins-relatives-a-lepidemie-de-covid-19";"https://www.data.gouv.fr/fr/datasets/donnees-des-urgences-hospitalieres-et-de-sos-medecins-relatives-a-lepidemie-de-covid-19/";"Santé publique France";"5e721a395d57f93d0bed451f";"Licence Ouverte / Open Licence version 2.0";False;"941ff2b4-ea24-4cdf-b0a7-655f2a332fb2";"https://static.data.gouv.fr/resources/donnees-des-urgences-hospitalieres-et-de-sos-medecins-relatives-a-lepidemie-de-covid-19/20200703-190034/sursaud-covid19-quotidien-2020-07-03-19h00.xlsx";"sursaud-covid19-quotidien-2020-07-03-19h00.xlsx";"";"file";"xlsx";"application/vnd.openxmlformats-officedocument.spreadsheetml.sheet";5850795;"sha1";"225270f16a89673186807408a03b8d7b934d87c4";"2020-03-20T19:14:55.007000";"2020-07-03T19:00:34.879000";4572
"5e74ecf52eb7514f2d3b8845";"Données des urgences hospitalières et de SOS médecins relatives à l'épidémie de COVID-19 ";"donnees-des-urgences-hospitalieres-et-de-sos-medecins-relatives-a-lepidemie-de-covid-19";"https://www.data.gouv.fr/fr/datasets/donnees-des-urgences-hospitalieres-et-de-sos-medecins-relatives-a-lepidemie-de-covid-19/";"Santé publique France";"5e721a395d57f93d0bed451f";"Licence Ouverte / Open Licence version 2.0";False;"c67aebf7-9883-49ef-a654-c4af5fdf5206";"https://static.data.gouv.fr/resources/donnees-des-urgences-hospitalieres-et-de-sos-medecins-relatives-a-lepidemie-de-covid-19/20200715-191515/sursaud-corona-hebdo-2020-07-15-19h15.csv";"sursaud-corona-hebdo-2020-07-15-19h15.csv";"";"file";"csv";"text/csv";327878;"sha1";"92f1689346a158c798d9db99e45d869be0d5bc40";"2020-03-20T19:15:53.340000";"2020-07-15T19:15:15.447000";898
"5e74ecf52eb7514f2d3b8845";"Données des urgences hospitalières et de SOS médecins relatives à l'épidémie de COVID-19 ";"donnees-des-urgences-hospitalieres-et-de-sos-medecins-relatives-a-lepidemie-de-covid-19";"https://www.data.gouv.fr/fr/datasets/donnees-des-urgences-hospitalieres-et-de-sos-medecins-relatives-a-lepidemie-de-covid-19/";"Santé publique France";"5e721a395d57f93d0bed451f";"Licence Ouverte / Open Licence version 2.0";False;"2265d880-5260-4b34-8827-b3d76180032e";"https://static.data.gouv.fr/resources/donnees-relatives-a-lepidemie-du-covid-19/20200323-194934/metadonnee-urgenceshos-sosmedecin-covid19-quot.csv";"metadonnee-urgenceshos-sosmedecins-covid19-quot-dep.csv";"";"file";"csv";"text/csv";2694;"sha1";"f82854be4f6c99a887b6d03fc510e33ae4e9e679";"2020-03-23T19:49:34.576000";"2020-03-27T18:46:47.519000";997
"5e74ecf52eb7514f2d3b8845";"Données des urgences hospitalières et de SOS médecins relatives à l'épidémie de COVID-19 ";"donnees-des-urgences-hospitalieres-et-de-sos-medecins-relatives-a-lepidemie-de-covid-19";"https://www.data.gouv.fr/fr/datasets/donnees-des-urgences-hospitalieres-et-de-sos-medecins-relatives-a-lepidemie-de-covid-19/";"Santé publique France";"5e721a395d57f93d0bed451f";"Licence Ouverte / Open Licence version 2.0";False;"02c99d99-96a0-4953-8e30-04fd660530f6";"https://static.data.gouv.fr/resources/donnees-des-ugences-hospitalieres-et-de-sos-medecins-relatives-a-lepidemie-de-covid-19/20200327-184959/metadonnee-urgenceshos-sosmedecin-covid19-quot-reg.csv";"metadonnee-urgenceshos-sosmedecin-covid19-quot-reg.csv";"";"file";"csv";"text/csv";2682;"sha1";"11861d8a08e39d5ca093e7aa10b8c8cfdc431a8b";"2020-03-27T18:49:59.817000";"2020-03-27T18:50:07.711000";211
"5e74ecf52eb7514f2d3b8845";"Données des urgences hospitalières et de SOS médecins relatives à l'épidémie de COVID-19 ";"donnees-des-urgences-hospitalieres-et-de-sos-medecins-relatives-a-lepidemie-de-covid-19";"https://www.data.gouv.fr/fr/datasets/donnees-des-urgences-hospitalieres-et-de-sos-medecins-relatives-a-lepidemie-de-covid-19/";"Santé publique France";"5e721a395d57f93d0bed451f";"Licence Ouverte / Open Licence version 2.0";False;"0289e4fe-bb67-42b9-a320-cd22c98d82c3";"https://static.data.gouv.fr/resources/donnees-des-ugences-hospitalieres-et-de-sos-medecins-relatives-a-lepidemie-de-covid-19/20200327-185634/metadonnee-urgenceshos-sosmedecin-covid19-quot-fra.csv";"metadonnee-urgenceshos-sosmedecin-covid19-quot-fra.csv";"";"file";"csv";"text/csv";2680;"sha1";"4298826ae95608b509664b32dbf4833d0049a597";"2020-03-27T18:56:34.899000";"2020-03-27T18:56:51.696000";277
"5e74ecf52eb7514f2d3b8845";"Données des urgences hospitalières et de SOS médecins relatives à l'épidémie de COVID-19 ";"donnees-des-urgences-hospitalieres-et-de-sos-medecins-relatives-a-lepidemie-de-covid-19";"https://www.data.gouv.fr/fr/datasets/donnees-des-urgences-hospitalieres-et-de-sos-medecins-relatives-a-lepidemie-de-covid-19/";"Santé publique France";"5e721a395d57f93d0bed451f";"Licence Ouverte / Open Licence version 2.0";False;"8ed0a51f-147f-4c6b-b2f3-b50c88fc7c07";"https://static.data.gouv.fr/resources/donnees-relatives-a-lepidemie-du-covid-19/20200323-194955/metadonnee-urgenceshos-sosmedecin-covid19-hebdo.csv";"metadonnee-urgenceshos-sosmedecins-covid19-hebdo.csv";"";"file";"csv";"text/csv";1329;"sha1";"8ae0c8f49f35ff3ab611de8cc8650b1340fe87d0";"2020-03-23T19:49:55.734000";"2020-03-23T19:50:19.338000";327
"5e74ecf52eb7514f2d3b8845";"Données des urgences hospitalières et de SOS médecins relatives à l'épidémie de COVID-19 ";"donnees-des-urgences-hospitalieres-et-de-sos-medecins-relatives-a-lepidemie-de-covid-19";"https://www.data.gouv.fr/fr/datasets/donnees-des-urgences-hospitalieres-et-de-sos-medecins-relatives-a-lepidemie-de-covid-19/";"Santé publique France";"5e721a395d57f93d0bed451f";"Licence Ouverte / Open Licence version 2.0";False;"cbed61a8-64e8-4c8c-8e97-65d3a31a99b6";"https://static.data.gouv.fr/resources/donnees-relatives-a-lepidemie-du-covid-19/20200320-181924/code-tranches-dage.csv";"code-tranches-dage.csv";"";"file";"csv";"text/csv";110;"sha1";"06b8b6bd3c95ebc1a283bff184ab7c60b10e6ad7";"2020-03-20T18:19:24.201000";"2020-03-23T18:47:52.441000";1446
"5ed117db6c161bd5baf070be";"Données relatives aux résultats des tests virologiques COVID-19";"donnees-relatives-aux-resultats-des-tests-virologiques-covid-19";"https://www.data.gouv.fr/fr/datasets/donnees-relatives-aux-resultats-des-tests-virologiques-covid-19/";"Santé publique France";"5e721a395d57f93d0bed451f";"Licence Ouverte / Open Licence version 2.0";False;"9417846f-0119-46f5-b49a-f97d9a869261";"https://static.data.gouv.fr/resources/donnees-relatives-aux-resultats-des-tests-virologiques-covid-19/20201021-095044/sidep-note-methodo-270820.pdf";"sidep-note-methodo-270820.pdf";"";"file";"pdf";"application/pdf";418200;"sha1";"525806ddf75a26bd9255d306e20ff5fe206212a6";"2020-10-21T09:50:45.112000";"2020-10-21T09:50:49.241000";119
"5ed117db6c161bd5baf070be";"Données relatives aux résultats des tests virologiques COVID-19";"donnees-relatives-aux-resultats-des-tests-virologiques-covid-19";"https://www.data.gouv.fr/fr/datasets/donnees-relatives-aux-resultats-des-tests-virologiques-covid-19/";"Santé publique France";"5e721a395d57f93d0bed451f";"Licence Ouverte / Open Licence version 2.0";False;"ea4b1a83-30cd-426a-b2ca-d74e5aede5ce";"https://static.data.gouv.fr/resources/donnees-relatives-aux-resultats-des-tests-virologiques-covid-19/20201021-095031/faq-geodes-sidep-250920.pdf";"faq-geodes-sidep-250920.pdf";"";"file";"pdf";"application/pdf";321851;"sha1";"d87300836b4b88c5a48171625232fcc575c16653";"2020-10-21T09:50:31.891000";"2020-10-21T09:50:40.068000";15
"5ed117db6c161bd5baf070be";"Données relatives aux résultats des tests virologiques COVID-19";"donnees-relatives-aux-resultats-des-tests-virologiques-covid-19";"https://www.data.gouv.fr/fr/datasets/donnees-relatives-aux-resultats-des-tests-virologiques-covid-19/";"Santé publique France";"5e721a395d57f93d0bed451f";"Licence Ouverte / Open Licence version 2.0";False;"406c6a23-e283-4300-9484-54e78c8ae675";"https://static.data.gouv.fr/resources/donnees-relatives-aux-resultats-des-tests-virologiques-covid-19/20201105-191507/sp-pos-quot-dep-2020-11-05-19h15.csv";"sp-pos-quot-dep-2020-11-05-19h15.csv";"Taux de positivité - quotidien - département .";"file";"csv";"text/csv";4437939;"sha1";"0aeec29c3cb1a82058bc9e13dc7000372b847ea2";"2020-05-29T18:02:26.703000";"2020-11-05T19:15:08.039000";12860
"5ed117db6c161bd5baf070be";"Données relatives aux résultats des tests virologiques COVID-19";"donnees-relatives-aux-resultats-des-tests-virologiques-covid-19";"https://www.data.gouv.fr/fr/datasets/donnees-relatives-aux-resultats-des-tests-virologiques-covid-19/";"Santé publique France";"5e721a395d57f93d0bed451f";"Licence Ouverte / Open Licence version 2.0";False;"001aca18-df6a-45c8-89e6-f82d689e6c01";"https://static.data.gouv.fr/resources/donnees-relatives-aux-resultats-des-tests-virologiques-covid-19/20201105-191515/sp-pos-quot-reg-2020-11-05-19h15.csv";"sp-pos-quot-reg-2020-11-05-19h15.csv";"Taux de positivité - quotidien - région.";"file";"csv";"text/csv";1367265;"sha1";"ac4cd7de8c73212cf323375aa5662681f1340797";"2020-05-29T18:03:11.045000";"2020-11-05T19:15:15.335000";1368
"5ed117db6c161bd5baf070be";"Données relatives aux résultats des tests virologiques COVID-19";"donnees-relatives-aux-resultats-des-tests-virologiques-covid-19";"https://www.data.gouv.fr/fr/datasets/donnees-relatives-aux-resultats-des-tests-virologiques-covid-19/";"Santé publique France";"5e721a395d57f93d0bed451f";"Licence Ouverte / Open Licence version 2.0";False;"dd0de5d9-b5a5-4503-930a-7b08dc0adc7c";"https://static.data.gouv.fr/resources/donnees-relatives-aux-resultats-des-tests-virologiques-covid-19/20201105-191515/sp-pos-quot-fra-2020-11-05-19h15.csv";"sp-pos-quot-fra-2020-11-05-19h15.csv";"Taux de positivité - quotidien - france.";"file";"csv";"text/csv";82662;"sha1";"fcd4fd5a59e7ef0631cd05a6fe1860f15242b2b3";"2020-05-29T18:02:57.551000";"2020-11-05T19:15:15.659000";4410
"5ed117db6c161bd5baf070be";"Données relatives aux résultats des tests virologiques COVID-19";"donnees-relatives-aux-resultats-des-tests-virologiques-covid-19";"https://www.data.gouv.fr/fr/datasets/donnees-relatives-aux-resultats-des-tests-virologiques-covid-19/";"Santé publique France";"5e721a395d57f93d0bed451f";"Licence Ouverte / Open Licence version 2.0";False;"dd3ac13c-e87f-4b33-8897-07baff4e1783";"https://static.data.gouv.fr/resources/donnees-relatives-aux-resultats-des-tests-virologiques-covid-19/20201105-191513/sp-pos-heb-dep-2020-11-05-19h15.csv";"sp-pos-heb-dep-2020-11-05-19h15.csv";"Taux de positivité - hebdomadaire - departement.";"file";"csv";"text/csv";593183;"sha1";"eda12b890cb4ed7fad9f54bb02da6690de79ee31";"2020-05-29T18:01:11.291000";"2020-11-05T19:15:13.863000";560
"5ed117db6c161bd5baf070be";"Données relatives aux résultats des tests virologiques COVID-19";"donnees-relatives-aux-resultats-des-tests-virologiques-covid-19";"https://www.data.gouv.fr/fr/datasets/donnees-relatives-aux-resultats-des-tests-virologiques-covid-19/";"Santé publique France";"5e721a395d57f93d0bed451f";"Licence Ouverte / Open Licence version 2.0";False;"1ff7af5f-88d6-44bd-b8b6-16308b046afc";"https://static.data.gouv.fr/resources/donnees-relatives-aux-resultats-des-tests-virologiques-covid-19/20201105-191506/sp-pos-heb-reg-2020-11-05-19h15.csv";"sp-pos-heb-reg-2020-11-05-19h15.csv";"Taux de positivité - hebdomadaire - région .";"file";"csv";"text/csv";199716;"sha1";"8ecfcf86a7e3f529dd8034ff7de98dd253acadb7";"2020-05-29T18:02:10.342000";"2020-11-05T19:15:06.611000";100
"5ed117db6c161bd5baf070be";"Données relatives aux résultats des tests virologiques COVID-19";"donnees-relatives-aux-resultats-des-tests-virologiques-covid-19";"https://www.data.gouv.fr/fr/datasets/donnees-relatives-aux-resultats-des-tests-virologiques-covid-19/";"Santé publique France";"5e721a395d57f93d0bed451f";"Licence Ouverte / Open Licence version 2.0";False;"2f0f720d-fbd2-41a7-95b4-3a70ff5a9253";"https://static.data.gouv.fr/resources/donnees-relatives-aux-resultats-des-tests-virologiques-covid-19/20201105-191503/sp-pos-heb-fra-2020-11-05-19h15.csv";"sp-pos-heb-fra-2020-11-05-19h15.csv";"Taux de positivité - hebdomadaire - France.";"file";"csv";"text/csv";12405;"sha1";"e065fc12b3a74e159f273da159a1540619f46083";"2020-05-29T18:01:35.129000";"2020-11-05T19:15:04.007000";508
"5ed117db6c161bd5baf070be";"Données relatives aux résultats des tests virologiques COVID-19";"donnees-relatives-aux-resultats-des-tests-virologiques-covid-19";"https://www.data.gouv.fr/fr/datasets/donnees-relatives-aux-resultats-des-tests-virologiques-covid-19/";"Santé publique France";"5e721a395d57f93d0bed451f";"Licence Ouverte / Open Licence version 2.0";False;"d1c1846c-f2d1-43cb-ad84-b46c40d1bec8";"https://static.data.gouv.fr/resources/donnees-relatives-aux-resultats-des-tests-virologiques-covid-19/20200703-191519/sp-ti-tp-7j-dep-2020-07-03-19h15.csv";"sp-ti-tp-7j-dep-2020-07-03-19h15.csv";"";"file";"csv";"text/csv";215055;"sha1";"41c46a8b6c450ddffea0845c85815dc42502192b";"2020-05-29T18:20:52.321000";"2020-07-03T19:15:20.039000";0
"5ed117db6c161bd5baf070be";"Données relatives aux résultats des tests virologiques COVID-19";"donnees-relatives-aux-resultats-des-tests-virologiques-covid-19";"https://www.data.gouv.fr/fr/datasets/donnees-relatives-aux-resultats-des-tests-virologiques-covid-19/";"Santé publique France";"5e721a395d57f93d0bed451f";"Licence Ouverte / Open Licence version 2.0";False;"df2f66d3-ef9b-48e0-abdf-f33a6a7ff2fa";"https://static.data.gouv.fr/resources/donnees-relatives-aux-resultats-des-tests-virologiques-covid-19/20200703-191520/sp-ti-tp-7j-reg-2020-07-03-19h15.csv";"sp-ti-tp-7j-reg-2020-07-03-19h15.csv";"";"file";"csv";"text/csv";52837;"sha1";"215ad0960bbad3719ea13622cbca9b4f15d01332";"2020-05-29T18:20:52.324000";"2020-07-03T19:15:20.439000";0
"5ed117db6c161bd5baf070be";"Données relatives aux résultats des tests virologiques COVID-19";"donnees-relatives-aux-resultats-des-tests-virologiques-covid-19";"https://www.data.gouv.fr/fr/datasets/donnees-relatives-aux-resultats-des-tests-virologiques-covid-19/";"Santé publique France";"5e721a395d57f93d0bed451f";"Licence Ouverte / Open Licence version 2.0";False;"c1167c4e-8c89-40f2-adb3-1954f8fedfa7";"https://static.data.gouv.fr/resources/donnees-relatives-aux-resultats-des-tests-virologiques-covid-19/20200703-191519/sp-ti-tp-7j-fra-2020-07-03-19h15.csv";"sp-ti-tp-7j-fra-2020-07-03-19h15.csv";"";"file";"csv";"text/csv";2880;"sha1";"3272b07774ea14ed57c63bb7b9fd26065cf3125d";"2020-05-29T18:20:52.318000";"2020-07-03T19:15:19.607000";0
"5ed117db6c161bd5baf070be";"Données relatives aux résultats des tests virologiques COVID-19";"donnees-relatives-aux-resultats-des-tests-virologiques-covid-19";"https://www.data.gouv.fr/fr/datasets/donnees-relatives-aux-resultats-des-tests-virologiques-covid-19/";"Santé publique France";"5e721a395d57f93d0bed451f";"Licence Ouverte / Open Licence version 2.0";False;"c20aa429-d30b-41d1-8bea-37b106c5f33b";"https://static.data.gouv.fr/resources/donnees-relatives-aux-resultats-des-tests-virologiques-covid-19/20200703-191527/sp-pos-quot-2020-07-03-19h15.xlsx";"sp-pos-quot-2020-07-03-19h15.xlsx";"Taux de positivité - Quotidien.";"file";"xlsx";"application/vnd.openxmlformats-officedocument.spreadsheetml.sheet";1337737;"sha1";"ce0d062e5faa1dcd83616f7bc9f74367b43fb6ff";"2020-05-29T17:19:23.764000";"2020-07-03T19:15:27.711000";0
"5ed117db6c161bd5baf070be";"Données relatives aux résultats des tests virologiques COVID-19";"donnees-relatives-aux-resultats-des-tests-virologiques-covid-19";"https://www.data.gouv.fr/fr/datasets/donnees-relatives-aux-resultats-des-tests-virologiques-covid-19/";"Santé publique France";"5e721a395d57f93d0bed451f";"Licence Ouverte / Open Licence version 2.0";False;"fc7f9844-05bd-41eb-9d9a-2a4b8010af1d";"https://static.data.gouv.fr/resources/donnees-relatives-aux-resultats-des-tests-virologiques-covid-19/20200701-191523/sp-pos-heb-2020-07-01-19h15.xlsx";"sp-pos-heb-2020-07-01-19h15.xlsx";"Taux de positivité - hebdomadaire.";"file";"xlsx";"application/vnd.openxmlformats-officedocument.spreadsheetml.sheet";207005;"sha1";"62fb3c2bf176eed6254a72d4067d250bb5414490";"2020-05-29T17:17:47.913000";"2020-07-01T19:15:23.424000";0
"5ed117db6c161bd5baf070be";"Données relatives aux résultats des tests virologiques COVID-19";"donnees-relatives-aux-resultats-des-tests-virologiques-covid-19";"https://www.data.gouv.fr/fr/datasets/donnees-relatives-aux-resultats-des-tests-virologiques-covid-19/";"Santé publique France";"5e721a395d57f93d0bed451f";"Licence Ouverte / Open Licence version 2.0";False;"708eb9ee-d8e8-4008-ac2d-0827acd95ba7";"https://static.data.gouv.fr/resources/donnees-relatives-aux-resultats-des-tests-virologiques-covid-19/20200703-191520/sp-ti-tp-7j-2020-07-03-19h15.xlsx";"sp-ti-tp-7j-2020-07-03-19h15.xlsx";"";"file";"xlsx";"application/vnd.openxmlformats-officedocument.spreadsheetml.sheet";182582;"sha1";"f526f981c17773cfc4207320275c2822ce425613";"2020-05-29T18:49:52.653000";"2020-07-03T19:15:20.863000";0
"5ed117db6c161bd5baf070be";"Données relatives aux résultats des tests virologiques COVID-19";"donnees-relatives-aux-resultats-des-tests-virologiques-covid-19";"https://www.data.gouv.fr/fr/datasets/donnees-relatives-aux-resultats-des-tests-virologiques-covid-19/";"Santé publique France";"5e721a395d57f93d0bed451f";"Licence Ouverte / Open Licence version 2.0";False;"39aaad1c-9aac-4be8-96b2-6d001f892b34";"https://static.data.gouv.fr/resources/taux-de-positivite-aux-tests-virologiques-covid-19/20200529-170035/metadonnees-positivite.xlsx";"metadonnees-positivite.xlsx";"Description des métadonnées.";"file";"xlsx";"application/vnd.openxmlformats-officedocument.spreadsheetml.sheet";10422;"sha1";"89c55f3a82bb8dcb5f1d1b1f4cb431b798a653ec";"2020-05-29T17:00:35.757000";"2020-05-29T17:00:54.313000";423
"5ea7eaf11739179063ca0847";"Niveaux d'excès de mortalité standardisé durant l'épidémie de COVID-19";"niveaux-dexces-de-mortalite-standardise-durant-lepidemie-de-covid-19";"https://www.data.gouv.fr/fr/datasets/niveaux-dexces-de-mortalite-standardise-durant-lepidemie-de-covid-19/";"Santé publique France";"5e721a395d57f93d0bed451f";"Licence Ouverte / Open Licence";False;"055ebba4-89dc-4996-962e-71dde6aaf7a6";"https://static.data.gouv.fr/resources/niveaux-dexces-de-mortalite-standardise-durant-lepidemie-de-covid-19/20200428-103810/niveau-exces-mortalite-covid19-dep.csv";"niveaux-exces-mortalite-covid19-dep.csv";"";"file";"csv";"text/csv";20080;"sha1";"9919de0c341a10cd7d65c82a3155787c659ac3fb";"2020-04-28T10:38:10.907000";"2020-04-28T10:51:33.236000";361
"5ea7eaf11739179063ca0847";"Niveaux d'excès de mortalité standardisé durant l'épidémie de COVID-19";"niveaux-dexces-de-mortalite-standardise-durant-lepidemie-de-covid-19";"https://www.data.gouv.fr/fr/datasets/niveaux-dexces-de-mortalite-standardise-durant-lepidemie-de-covid-19/";"Santé publique France";"5e721a395d57f93d0bed451f";"Licence Ouverte / Open Licence";False;"b5f8ee61-b852-4d1e-8de8-64d2fcdc0979";"https://static.data.gouv.fr/resources/niveaux-dexces-de-mortalite-standardise-durant-lepidemie-de-covid-19/20200428-103807/niveau-exces-mortalite-covid19-reg.csv";"niveaux-exces-mortalite-covid19-reg.csv";"";"file";"csv";"text/csv";3448;"sha1";"3816c7362e017c302a8d1d40f6f4adeceb6be42e";"2020-04-28T10:38:07.959000";"2020-04-28T10:51:38.406000";8
"5ea7eaf11739179063ca0847";"Niveaux d'excès de mortalité standardisé durant l'épidémie de COVID-19";"niveaux-dexces-de-mortalite-standardise-durant-lepidemie-de-covid-19";"https://www.data.gouv.fr/fr/datasets/niveaux-dexces-de-mortalite-standardise-durant-lepidemie-de-covid-19/";"Santé publique France";"5e721a395d57f93d0bed451f";"Licence Ouverte / Open Licence";False;"00dd3fe8-a619-405a-aaa5-582069d63a20";"https://static.data.gouv.fr/resources/niveaux-dexces-de-mortalite-standardise-durant-lepidemie-de-covid-19/20200428-104526/metadonnees-niveau-exces-mortalite-covid19.csv";"metadonnees-niveaux-exces-mortalite-covid19.csv";"";"file";"csv";"text/csv";294;"sha1";"0e5be246c5f0be9ed492da2c006fcb1666d8d79c";"2020-04-28T10:45:26.402000";"2020-04-28T10:51:43.961000";18
"5ea7eaf11739179063ca0847";"Niveaux d'excès de mortalité standardisé durant l'épidémie de COVID-19";"niveaux-dexces-de-mortalite-standardise-durant-lepidemie-de-covid-19";"https://www.data.gouv.fr/fr/datasets/niveaux-dexces-de-mortalite-standardise-durant-lepidemie-de-covid-19/";"Santé publique France";"5e721a395d57f93d0bed451f";"Licence Ouverte / Open Licence";False;"db47cc61-355d-4724-a9fd-15c7992a5f81";"https://static.data.gouv.fr/resources/niveaux-dexces-de-mortalite-standardise-durant-lepidemie-de-covid-19/20200428-105155/indicateur-niveaux-exces-mortalite-standardise.csv";"indicateur-niveaux-exces-mortalite-standardise.csv";"";"file";"csv";"text/csv";158;"sha1";"7c90d2aacac24534526d70359bd64994dfceab66";"2020-04-28T10:51:56.042000";"2020-04-28T10:52:02.491000";2
"5ed1175ca00bbe1e4941a46a";"Taux d'incidence de l'épidémie de COVID-19";"taux-dincidence-de-lepidemie-de-covid-19";"https://www.data.gouv.fr/fr/datasets/taux-dincidence-de-lepidemie-de-covid-19/";"Santé publique France";"5e721a395d57f93d0bed451f";"Licence Ouverte / Open Licence version 2.0";False;"dce002b0-0343-4864-9b39-673e3f5bb32e";"https://static.data.gouv.fr/resources/taux-dincidence-de-lepidemie-de-covid-19/20201021-094955/sidep-note-methodo-270820.pdf";"sidep-note-methodo-270820.pdf";"";"file";"pdf";"application/pdf";418200;"sha1";"525806ddf75a26bd9255d306e20ff5fe206212a6";"2020-10-21T09:49:55.216000";"2020-10-21T09:50:00.620000";36
"5ed1175ca00bbe1e4941a46a";"Taux d'incidence de l'épidémie de COVID-19";"taux-dincidence-de-lepidemie-de-covid-19";"https://www.data.gouv.fr/fr/datasets/taux-dincidence-de-lepidemie-de-covid-19/";"Santé publique France";"5e721a395d57f93d0bed451f";"Licence Ouverte / Open Licence version 2.0";False;"1124cf05-f6de-41cc-9830-79c9af2e2774";"https://static.data.gouv.fr/resources/taux-dincidence-de-lepidemie-de-covid-19/20201021-094945/faq-geodes-sidep-250920.pdf";"faq-geodes-sidep-250920.pdf";"";"file";"pdf";"application/pdf";321851;"sha1";"d87300836b4b88c5a48171625232fcc575c16653";"2020-10-21T09:49:45.707000";"2020-10-21T09:49:50.525000";6
"5ed1175ca00bbe1e4941a46a";"Taux d'incidence de l'épidémie de COVID-19";"taux-dincidence-de-lepidemie-de-covid-19";"https://www.data.gouv.fr/fr/datasets/taux-dincidence-de-lepidemie-de-covid-19/";"Santé publique France";"5e721a395d57f93d0bed451f";"Licence Ouverte / Open Licence version 2.0";False;"19a91d64-3cd3-42fc-9943-d635491a4d76";"https://static.data.gouv.fr/resources/taux-dincidence-de-lepidemie-de-covid-19/20201105-191505/sp-pe-tb-quot-dep-2020-11-05-19h15.csv";"sp-pe-tb-quot-dep-2020-11-05-19h15.csv";"Taux d'incidence - quotidien - département.";"file";"csv";"text/csv";5063569;"sha1";"78ebc40204823fd91238bba4bf1d2db6312fdbe5";"2020-05-29T17:56:46.196000";"2020-11-05T19:15:06.087000";6730
"5ed1175ca00bbe1e4941a46a";"Taux d'incidence de l'épidémie de COVID-19";"taux-dincidence-de-lepidemie-de-covid-19";"https://www.data.gouv.fr/fr/datasets/taux-dincidence-de-lepidemie-de-covid-19/";"Santé publique France";"5e721a395d57f93d0bed451f";"Licence Ouverte / Open Licence version 2.0";False;"ad09241e-52fa-4be8-8298-e5760b43cae2";"https://static.data.gouv.fr/resources/taux-dincidence-de-lepidemie-de-covid-19/20201105-191509/sp-pe-tb-quot-reg-2020-11-05-19h15.csv";"sp-pe-tb-quot-reg-2020-11-05-19h15.csv";"Taux d'incidence - quotidien - région.";"file";"csv";"text/csv";1774041;"sha1";"c8a6c89576233b44915e832164a4fc63d9996a4a";"2020-05-29T17:56:46.175000";"2020-11-05T19:15:09.379000";140
"5ed1175ca00bbe1e4941a46a";"Taux d'incidence de l'épidémie de COVID-19";"taux-dincidence-de-lepidemie-de-covid-19";"https://www.data.gouv.fr/fr/datasets/taux-dincidence-de-lepidemie-de-covid-19/";"Santé publique France";"5e721a395d57f93d0bed451f";"Licence Ouverte / Open Licence version 2.0";False;"57d44bd6-c9fd-424f-9a72-7834454f9e3c";"https://static.data.gouv.fr/resources/taux-dincidence-de-lepidemie-de-covid-19/20201105-191511/sp-pe-tb-quot-fra-2020-11-05-19h15.csv";"sp-pe-tb-quot-fra-2020-11-05-19h15.csv";"Taux d'incidence - quotidien - France.";"file";"csv";"text/csv";109218;"sha1";"76881ecfc4b5e52882392b312848708502c60ff5";"2020-05-29T17:56:46.135000";"2020-11-05T19:15:11.227000";516
"5ed1175ca00bbe1e4941a46a";"Taux d'incidence de l'épidémie de COVID-19";"taux-dincidence-de-lepidemie-de-covid-19";"https://www.data.gouv.fr/fr/datasets/taux-dincidence-de-lepidemie-de-covid-19/";"Santé publique France";"5e721a395d57f93d0bed451f";"Licence Ouverte / Open Licence version 2.0";False;"bb2a18f3-bdd5-4101-8687-945d6e4e435f";"https://static.data.gouv.fr/resources/taux-dincidence-de-lepidemie-de-covid-19/20201105-191509/sp-pe-tb-heb-dep-2020-11-05-19h15.csv";"sp-pe-tb-heb-dep-2020-11-05-19h15.csv";"Taux d'incidence - hebdomadaire - département.";"file";"csv";"text/csv";654392;"sha1";"64d2839913925ab985c63c4cd4f08804c80189fa";"2020-05-29T17:56:05.228000";"2020-11-05T19:15:09.855000";208
"5ed1175ca00bbe1e4941a46a";"Taux d'incidence de l'épidémie de COVID-19";"taux-dincidence-de-lepidemie-de-covid-19";"https://www.data.gouv.fr/fr/datasets/taux-dincidence-de-lepidemie-de-covid-19/";"Santé publique France";"5e721a395d57f93d0bed451f";"Licence Ouverte / Open Licence version 2.0";False;"66b09e9a-41b5-4ed6-b03c-9aef93a4b559";"https://static.data.gouv.fr/resources/taux-dincidence-de-lepidemie-de-covid-19/20201105-191502/sp-pe-tb-heb-fra-2020-11-05-19h15.csv";"sp-pe-tb-heb-fra-2020-11-05-19h15.csv";"Taux d'incidence - hebdomadaire - France.";"file";"csv";"text/csv";15320;"sha1";"8bf2ce98f638de02bb50203d3c2c3084f360e8b9";"2020-05-29T17:56:05.219000";"2020-11-05T19:15:02.747000";23
"5ed1175ca00bbe1e4941a46a";"Taux d'incidence de l'épidémie de COVID-19";"taux-dincidence-de-lepidemie-de-covid-19";"https://www.data.gouv.fr/fr/datasets/taux-dincidence-de-lepidemie-de-covid-19/";"Santé publique France";"5e721a395d57f93d0bed451f";"Licence Ouverte / Open Licence version 2.0";False;"2360f82e-4fa4-475a-bc07-9caa206d9e32";"https://static.data.gouv.fr/resources/taux-dincidence-de-lepidemie-de-covid-19/20201105-191503/sp-pe-tb-heb-reg-2020-11-05-19h15.csv";"sp-pe-tb-heb-reg-2020-11-05-19h15.csv";"Taux d'incidence - hebdomadaire - région.";"file";"csv";"text/csv";242055;"sha1";"358210e554bb85c435f578beae29f378aae00556";"2020-05-29T17:56:05.228000";"2020-11-05T19:15:03.239000";24
"5ed1175ca00bbe1e4941a46a";"Taux d'incidence de l'épidémie de COVID-19";"taux-dincidence-de-lepidemie-de-covid-19";"https://www.data.gouv.fr/fr/datasets/taux-dincidence-de-lepidemie-de-covid-19/";"Santé publique France";"5e721a395d57f93d0bed451f";"Licence Ouverte / Open Licence version 2.0";False;"4180a181-a648-402b-92e4-f7574647afa6";"https://static.data.gouv.fr/resources/taux-dincidence-de-lepidemie-de-covid-19/20201105-191510/sp-pe-std-quot-dep-2020-11-05-19h15.csv";"sp-pe-std-quot-dep-2020-11-05-19h15.csv";"Taux d'incidence standardisé - quotidien - département.";"file";"csv";"text/csv";601065;"sha1";"f9223ae0d29c74a1b8350dc09cd1eb08539de6fc";"2020-05-29T17:50:58.377000";"2020-11-05T19:15:10.815000";0
"5ed1175ca00bbe1e4941a46a";"Taux d'incidence de l'épidémie de COVID-19";"taux-dincidence-de-lepidemie-de-covid-19";"https://www.data.gouv.fr/fr/datasets/taux-dincidence-de-lepidemie-de-covid-19/";"Santé publique France";"5e721a395d57f93d0bed451f";"Licence Ouverte / Open Licence version 2.0";False;"23066f40-ddd2-40c9-931c-4257f36ad778";"https://static.data.gouv.fr/resources/taux-dincidence-de-lepidemie-de-covid-19/20201105-191510/sp-pe-std-quot-reg-2020-11-05-19h15.csv";"sp-pe-std-quot-reg-2020-11-05-19h15.csv";"Taux d'incidence standardisé - quotidien - région.";"file";"csv";"text/csv";125535;"sha1";"f2c1620626bab00479081f114e2092b27f991570";"2020-05-29T17:50:58.377000";"2020-11-05T19:15:10.339000";0
"5ed1175ca00bbe1e4941a46a";"Taux d'incidence de l'épidémie de COVID-19";"taux-dincidence-de-lepidemie-de-covid-19";"https://www.data.gouv.fr/fr/datasets/taux-dincidence-de-lepidemie-de-covid-19/";"Santé publique France";"5e721a395d57f93d0bed451f";"Licence Ouverte / Open Licence version 2.0";False;"59ad717b-b64e-4779-85f6-cd1b25b24703";"https://static.data.gouv.fr/resources/taux-dincidence-de-lepidemie-de-covid-19/20201105-191502/sp-pe-std-quot-fra-2020-11-05-19h15.csv";"sp-pe-std-quot-fra-2020-11-05-19h15.csv";"Taux d'incidence standardisé - quotidien - France.";"file";"csv";"text/csv";6636;"sha1";"ac178f0acd3fb9877f7fbc198be0f60e4dc85d1a";"2020-05-29T17:50:58.377000";"2020-11-05T19:15:02.359000";0
"5ed1175ca00bbe1e4941a46a";"Taux d'incidence de l'épidémie de COVID-19";"taux-dincidence-de-lepidemie-de-covid-19";"https://www.data.gouv.fr/fr/datasets/taux-dincidence-de-lepidemie-de-covid-19/";"Santé publique France";"5e721a395d57f93d0bed451f";"Licence Ouverte / Open Licence version 2.0";False;"d9f31e19-c018-43af-a089-aaec2bbcf4cf";"https://static.data.gouv.fr/resources/taux-dincidence-de-lepidemie-de-covid-19/20201105-191508/sp-pe-std-heb-reg-2020-11-05-19h15.csv";"sp-pe-std-heb-reg-2020-11-05-19h15.csv";"Taux d'incidence standardisé - hebdomadaire - région.";"file";"csv";"text/csv";16900;"sha1";"b7a1f0c2da0acff02a0cbb68e4503eaf6a0bc270";"2020-05-29T17:54:17.181000";"2020-11-05T19:15:08.711000";0
"5ed1175ca00bbe1e4941a46a";"Taux d'incidence de l'épidémie de COVID-19";"taux-dincidence-de-lepidemie-de-covid-19";"https://www.data.gouv.fr/fr/datasets/taux-dincidence-de-lepidemie-de-covid-19/";"Santé publique France";"5e721a395d57f93d0bed451f";"Licence Ouverte / Open Licence version 2.0";False;"b4c0001e-fc7e-46a8-a6c4-441f54f8e061";"https://static.data.gouv.fr/resources/taux-dincidence-de-lepidemie-de-covid-19/20201105-191511/sp-pe-std-heb-fra-2020-11-05-19h15.csv";"sp-pe-std-heb-fra-2020-11-05-19h15.csv";"Taux d'incidence standardisé - hebdomadaire - France.";"file";"csv";"text/csv";896;"sha1";"c7c79c2b3ea6b21b4474ace6cdba480fcc13bf78";"2020-05-29T17:54:17.171000";"2020-11-05T19:15:12.007000";0
"5ed1175ca00bbe1e4941a46a";"Taux d'incidence de l'épidémie de COVID-19";"taux-dincidence-de-lepidemie-de-covid-19";"https://www.data.gouv.fr/fr/datasets/taux-dincidence-de-lepidemie-de-covid-19/";"Santé publique France";"5e721a395d57f93d0bed451f";"Licence Ouverte / Open Licence version 2.0";False;"071f41a9-f378-44f5-8826-ed20e72d4688";"https://static.data.gouv.fr/resources/taux-dincidence-de-lepidemie-de-covid-19/20201105-191503/sp-pe-std-heb-dep-2020-11-05-19h15.csv";"sp-pe-std-heb-dep-2020-11-05-19h15.csv";"Taux d'incidence standardisé - hebdomadaire - département.";"file";"csv";"text/csv";82148;"sha1";"0c780a7fcc4a4daeea91ec2ce0bed4d82dc75c20";"2020-05-29T17:54:17.154000";"2020-11-05T19:15:03.643000";0
"5ed1175ca00bbe1e4941a46a";"Taux d'incidence de l'épidémie de COVID-19";"taux-dincidence-de-lepidemie-de-covid-19";"https://www.data.gouv.fr/fr/datasets/taux-dincidence-de-lepidemie-de-covid-19/";"Santé publique France";"5e721a395d57f93d0bed451f";"Licence Ouverte / Open Licence version 2.0";False;"3c18e242-7d45-44f2-ac70-dee78a38ee1c";"https://static.data.gouv.fr/resources/taux-dincidence-de-lepidemie-de-covid-19/20201105-191512/sp-ti-tp-7j-dep-2020-11-05-19h15.csv";"sp-ti-tp-7j-dep-2020-11-05-19h15.csv";"";"file";"csv";"text/csv";708820;"sha1";"48681907fd9f70cef51578c96aa029e7e3bff689";"2020-05-29T17:58:40.244000";"2020-11-05T19:15:12.923000";0
"5ed1175ca00bbe1e4941a46a";"Taux d'incidence de l'épidémie de COVID-19";"taux-dincidence-de-lepidemie-de-covid-19";"https://www.data.gouv.fr/fr/datasets/taux-dincidence-de-lepidemie-de-covid-19/";"Santé publique France";"5e721a395d57f93d0bed451f";"Licence Ouverte / Open Licence version 2.0";False;"36ab36ea-d073-4543-9ea0-a64a0175083f";"https://static.data.gouv.fr/resources/taux-dincidence-de-lepidemie-de-covid-19/20201105-191513/sp-ti-tp-7j-reg-2020-11-05-19h15.csv";"sp-ti-tp-7j-reg-2020-11-05-19h15.csv";"";"file";"csv";"text/csv";146709;"sha1";"9f6aa1dee6068461fb866d4a0e133430a262bf81";"2020-05-29T17:58:40.234000";"2020-11-05T19:15:13.375000";0
"5ed1175ca00bbe1e4941a46a";"Taux d'incidence de l'épidémie de COVID-19";"taux-dincidence-de-lepidemie-de-covid-19";"https://www.data.gouv.fr/fr/datasets/taux-dincidence-de-lepidemie-de-covid-19/";"Santé publique France";"5e721a395d57f93d0bed451f";"Licence Ouverte / Open Licence version 2.0";False;"cbd6477e-bda6-485d-afdc-8e61b904d771";"https://static.data.gouv.fr/resources/taux-dincidence-de-lepidemie-de-covid-19/20201105-191514/sp-ti-tp-7j-fra-2020-11-05-19h15.csv";"sp-ti-tp-7j-fra-2020-11-05-19h15.csv";"";"file";"csv";"text/csv";7913;"sha1";"70f9f08080a220565056b21f14db03bf3d28aeb0";"2020-05-29T17:58:40.234000";"2020-11-05T19:15:14.283000";0
"5ed1175ca00bbe1e4941a46a";"Taux d'incidence de l'épidémie de COVID-19";"taux-dincidence-de-lepidemie-de-covid-19";"https://www.data.gouv.fr/fr/datasets/taux-dincidence-de-lepidemie-de-covid-19/";"Santé publique France";"5e721a395d57f93d0bed451f";"Licence Ouverte / Open Licence version 2.0";False;"aa7a0f1c-89e3-4d40-af94-6f226202ada3";"https://static.data.gouv.fr/resources/taux-dincidence-de-lepidemie-de-covid-19/20200703-191522/sp-pe-tb-quot-2020-07-03-19h15.xlsx";"sp-pe-tb-quot-2020-07-03-19h15.xlsx";"";"file";"xlsx";"application/vnd.openxmlformats-officedocument.spreadsheetml.sheet";1723169;"sha1";"c14a621a3ea11da0dd9818cee52538586fe62441";"2020-05-29T17:24:45.446000";"2020-07-03T19:15:22.995000";0
"5ed1175ca00bbe1e4941a46a";"Taux d'incidence de l'épidémie de COVID-19";"taux-dincidence-de-lepidemie-de-covid-19";"https://www.data.gouv.fr/fr/datasets/taux-dincidence-de-lepidemie-de-covid-19/";"Santé publique France";"5e721a395d57f93d0bed451f";"Licence Ouverte / Open Licence version 2.0";False;"f9e0b0f6-8b54-48ee-b91b-47d5efa914a9";"https://static.data.gouv.fr/resources/taux-dincidence-de-lepidemie-de-covid-19/20200701-191535/sp-pe-tb-heb-2020-07-01-19h15.xlsx";"sp-pe-tb-heb-2020-07-01-19h15.xlsx";"";"file";"xlsx";"application/vnd.openxmlformats-officedocument.spreadsheetml.sheet";231910;"sha1";"c07fbe5a6a003f618c75d1a01f71c5543a5ec9a9";"2020-05-29T17:24:53.287000";"2020-07-01T19:15:35.244000";0
"5ed1175ca00bbe1e4941a46a";"Taux d'incidence de l'épidémie de COVID-19";"taux-dincidence-de-lepidemie-de-covid-19";"https://www.data.gouv.fr/fr/datasets/taux-dincidence-de-lepidemie-de-covid-19/";"Santé publique France";"5e721a395d57f93d0bed451f";"Licence Ouverte / Open Licence version 2.0";False;"4964c5d0-c7c2-48ce-967d-81bc1f14e00f";"https://static.data.gouv.fr/resources/taux-dincidence-de-lepidemie-de-covid-19/20200703-191516/sp-pe-std-quot-2020-07-03-19h15.xlsx";"sp-pe-std-quot-2020-07-03-19h15.xlsx";"";"file";"xlsx";"application/vnd.openxmlformats-officedocument.spreadsheetml.sheet";187545;"sha1";"cf53d513999d7534814ef6a732407835809b10a4";"2020-05-29T17:24:56.765000";"2020-07-03T19:15:16.707000";0
"5ed1175ca00bbe1e4941a46a";"Taux d'incidence de l'épidémie de COVID-19";"taux-dincidence-de-lepidemie-de-covid-19";"https://www.data.gouv.fr/fr/datasets/taux-dincidence-de-lepidemie-de-covid-19/";"Santé publique France";"5e721a395d57f93d0bed451f";"Licence Ouverte / Open Licence version 2.0";False;"cb8760ed-1e2d-460f-91ea-5eb82eab0920";"https://static.data.gouv.fr/resources/taux-dincidence-de-lepidemie-de-covid-19/20200701-191525/sp-pe-std-heb-2020-07-01-19h15.xlsx";"sp-pe-std-heb-2020-07-01-19h15.xlsx";"";"file";"xlsx";"application/vnd.openxmlformats-officedocument.spreadsheetml.sheet";32408;"sha1";"c41c6058d4b39322572e8bd1221e6232895ad44f";"2020-05-29T17:19:06.628000";"2020-07-01T19:15:25.788000";0
"5ed1175ca00bbe1e4941a46a";"Taux d'incidence de l'épidémie de COVID-19";"taux-dincidence-de-lepidemie-de-covid-19";"https://www.data.gouv.fr/fr/datasets/taux-dincidence-de-lepidemie-de-covid-19/";"Santé publique France";"5e721a395d57f93d0bed451f";"Licence Ouverte / Open Licence version 2.0";False;"a4eecf68-9013-4876-a49c-bdf342105fc7";"https://static.data.gouv.fr/resources/taux-dincidence-de-lepidemie-de-covid-19/20200703-191519/sp-ti-tp-7j-2020-07-03-19h15.xlsx";"sp-ti-tp-7j-2020-07-03-19h15.xlsx";"";"file";"xlsx";"application/vnd.openxmlformats-officedocument.spreadsheetml.sheet";182582;"sha1";"f526f981c17773cfc4207320275c2822ce425613";"2020-05-29T18:01:10.686000";"2020-07-03T19:15:19.215000";0
"5ed1175ca00bbe1e4941a46a";"Taux d'incidence de l'épidémie de COVID-19";"taux-dincidence-de-lepidemie-de-covid-19";"https://www.data.gouv.fr/fr/datasets/taux-dincidence-de-lepidemie-de-covid-19/";"Santé publique France";"5e721a395d57f93d0bed451f";"Licence Ouverte / Open Licence version 2.0";False;"a8b5931a-3aa7-4aec-a81b-8b3de628cf63";"https://static.data.gouv.fr/resources/taux-dincidence-de-lepidemie-de-covid-19/20200529-170119/metadonnees-incidence.xlsx";"metadonnees-incidence.xlsx";"Description des métadonnées.";"file";"xlsx";"application/vnd.openxmlformats-officedocument.spreadsheetml.sheet";10555;"sha1";"f61e6ee185b8c17f553ad7480599a1e23211dd94";"2020-05-29T17:01:19.832000";"2020-05-29T18:01:32.162000";220
